participant,exercise,n_segments,mean_missing_pct,mean_pct_large_gap,max_pct_large_gap,mean_pct_artifact,max_pct_artifact,total_large_gaps
252,ex09,6,11.247333333333332,66.66666666666667,100.0,1.3816666666666668,1.483,41
252,ex10,6,11.418666666666667,66.66666666666667,100.0,1.4403333333333332,1.516,44
252,ex11,6,11.298,66.66666666666667,100.0,1.4525,1.516,43
252,ex12,6,11.329833333333333,66.66666666666667,100.0,1.4806666666666668,1.483,41
252,ex13,6,11.306,66.66666666666667,100.0,0.9695,1.226,50
651,ex09,6,26.05633333333333,100.0,100.0,1.5043333333333333,1.668,133
651,ex10,6,26.63083333333333,100.0,100.0,1.386,1.501,148
651,ex11,6,25.383333333333336,100.0,100.0,1.4456666666666667,1.668,115
651,ex12,6,25.409499999999998,100.0,100.0,1.5863333333333332,1.668,121
651,ex13,6,25.439333333333334,100.0,100.0,1.4715,1.668,124
671,ex09,6,36.75216666666667,100.0,100.0,1.5011666666666665,1.668,246
671,ex10,6,36.669666666666664,100.0,100.0,1.5756666666666668,1.668,241
671,ex11,6,36.32083333333333,100.0,100.0,1.5273333333333332,1.668,217
671,ex12,6,36.2635,100.0,100.0,1.5936666666666666,1.668,215
671,ex13,6,36.28333333333333,100.0,100.0,1.3096666666666665,1.668,229
790,ex09,6,15.815833333333332,100.0,100.0,1.5155,1.564,60
790,ex10,6,15.500833333333333,100.0,100.0,1.4631666666666667,1.501,89
790,ex11,6,14.837833333333334,100.0,100.0,1.508,1.516,60
790,ex12,6,14.994166666666667,99.9305,100.0,1.543,1.564,75
790,ex13,6,14.996,100.0,100.0,1.4901666666666664,1.501,81
