participant,session_id,timepoint,rep,exercise_id,exercise,n_frames,duration_s,missing_marker_pct,n_large_gaps_gt_0p5s,pct_frames_in_large_gaps_gt_0p5s,n_artifact_frames,pct_artifact_frames
252,252_T1_P1_R1,T1,R1,9,ex09,1080,9.0,12.515,7,100.0,16,1.483
252,252_T1_P1_R1,T1,R1,10,ex10,1320,11.0,12.624,7,100.0,19,1.44
252,252_T1_P1_R1,T1,R1,11,ex11,1320,11.0,12.6,8,100.0,16,1.213
252,252_T1_P1_R1,T1,R1,12,ex12,1080,9.0,12.667,8,100.0,16,1.483
252,252_T1_P1_R1,T1,R1,13,ex13,1320,11.0,12.589,8,100.0,15,1.137
252,252_T1_P1_R2,T1,R2,9,ex09,1080,9.0,18.343,11,100.0,16,1.483
252,252_T1_P1_R2,T1,R2,10,ex10,1320,11.0,18.477,11,100.0,20,1.516
252,252_T1_P1_R2,T1,R2,11,ex11,1200,10.0,18.333,11,100.0,18,1.501
252,252_T1_P1_R2,T1,R2,12,ex12,954,7.95,18.459,11,100.0,14,1.469
252,252_T1_P1_R2,T1,R2,13,ex13,2040,17.0,18.351,14,100.0,18,0.883
252,252_T2_P1_R1,T2,R1,9,ex09,960,8.0,16.949,10,100.0,14,1.46
252,252_T2_P1_R1,T2,R1,10,ex10,1440,12.0,17.022,12,100.0,18,1.251
252,252_T2_P1_R1,T2,R1,11,ex11,1320,11.0,16.979,10,100.0,20,1.516
252,252_T2_P1_R1,T2,R1,12,ex12,1080,9.0,16.955,10,100.0,16,1.483
252,252_T2_P1_R1,T2,R1,13,ex13,1560,13.0,16.959,13,100.0,15,0.962
252,252_T2_P1_R2,T2,R2,9,ex09,1080,9.0,19.671,13,100.0,14,1.297
252,252_T2_P1_R2,T2,R2,10,ex10,1320,11.0,19.848,14,100.0,20,1.516
252,252_T2_P1_R2,T2,R2,11,ex11,1080,9.0,19.728,14,100.0,16,1.483
252,252_T2_P1_R2,T2,R2,12,ex12,1080,9.0,19.709,12,100.0,16,1.483
252,252_T2_P1_R2,T2,R2,13,ex13,2040,17.0,19.806,15,100.0,25,1.226
252,252_T3_P1_R1,T3,R1,9,ex09,1200,10.0,0.0,0,0.0,13,1.084
252,252_T3_P1_R1,T3,R1,10,ex10,1200,10.0,0.355,0,0.0,17,1.418
252,252_T3_P1_R1,T3,R1,11,ex11,1200,10.0,0.087,0,0.0,18,1.501
252,252_T3_P1_R1,T3,R1,12,ex12,1080,9.0,0.079,0,0.0,16,1.483
252,252_T3_P1_R1,T3,R1,13,ex13,1440,12.0,0.02,0,0.0,13,0.903
252,252_T3_P1_R2,T3,R2,9,ex09,1080,9.0,0.006,0,0.0,16,1.483
252,252_T3_P1_R2,T3,R2,10,ex10,1200,10.0,0.186,0,0.0,18,1.501
252,252_T3_P1_R2,T3,R2,11,ex11,1200,10.0,0.061,0,0.0,18,1.501
252,252_T3_P1_R2,T3,R2,12,ex12,1080,9.0,0.11,0,0.0,16,1.483
252,252_T3_P1_R2,T3,R2,13,ex13,1560,13.0,0.111,0,0.0,11,0.706
651,651_T1_P1_R1,T1,R1,9,ex09,1080,9.0,18.566,15,100.0,16,1.483
651,651_T1_P1_R1,T1,R1,10,ex10,1200,10.0,19.307,15,100.0,17,1.418
651,651_T1_P1_R1,T1,R1,11,ex11,1320,11.0,18.196,12,100.0,21,1.592
651,651_T1_P1_R1,T1,R1,12,ex12,960,8.0,18.382,13,100.0,16,1.668
651,651_T1_P1_R1,T1,R1,13,ex13,1440,12.0,18.282,12,100.0,24,1.668
651,651_T1_P1_R2,T1,R2,9,ex09,1080,9.0,27.407,23,100.0,14,1.297
651,651_T1_P1_R2,T1,R2,10,ex10,1320,11.0,29.262,31,100.0,19,1.44
651,651_T1_P1_R2,T1,R2,11,ex11,1200,10.0,27.069,21,100.0,14,1.168
651,651_T1_P1_R2,T1,R2,12,ex12,840,7.0,27.315,21,100.0,13,1.549
651,651_T1_P1_R2,T1,R2,13,ex13,1680,14.0,27.176,20,100.0,27,1.608
651,651_T2_P1_R1,T2,R1,9,ex09,1080,9.0,29.07,26,100.0,17,1.576
651,651_T2_P1_R1,T2,R1,10,ex10,1200,10.0,29.334,28,100.0,18,1.501
651,651_T2_P1_R1,T2,R1,11,ex11,1320,11.0,28.273,21,100.0,22,1.668
651,651_T2_P1_R1,T2,R1,12,ex12,960,8.0,28.142,25,100.0,16,1.668
651,651_T2_P1_R1,T2,R1,13,ex13,1680,14.0,28.306,24,100.0,21,1.251
651,651_T2_P1_R2,T2,R2,9,ex09,1200,10.0,36.054,34,100.0,16,1.334
651,651_T2_P1_R2,T2,R2,10,ex10,1200,10.0,36.129,36,100.0,16,1.334
651,651_T2_P1_R2,T2,R2,11,ex11,1320,11.0,35.176,29,100.0,18,1.365
651,651_T2_P1_R2,T2,R2,12,ex12,1080,9.0,35.18,31,100.0,18,1.668
651,651_T2_P1_R2,T2,R2,13,ex13,1680,14.0,35.362,37,100.0,27,1.608
651,651_T3_P1_R1,T3,R1,9,ex09,1080,9.0,19.936,15,100.0,18,1.668
651,651_T3_P1_R1,T3,R1,10,ex10,1320,11.0,20.217,15,100.0,17,1.289
651,651_T3_P1_R1,T3,R1,11,ex11,1200,10.0,19.521,13,100.0,20,1.668
651,651_T3_P1_R1,T3,R1,12,ex12,1080,9.0,19.446,14,100.0,18,1.668
651,651_T3_P1_R1,T3,R1,13,ex13,1560,13.0,19.535,14,100.0,16,1.026
651,651_T3_P1_R2,T3,R2,9,ex09,1080,9.0,25.305,20,100.0,18,1.668
651,651_T3_P1_R2,T3,R2,10,ex10,1200,10.0,25.536,23,100.0,16,1.334
651,651_T3_P1_R2,T3,R2,11,ex11,1320,11.0,24.065,19,100.0,16,1.213
651,651_T3_P1_R2,T3,R2,12,ex12,1080,9.0,23.992,17,100.0,14,1.297
651,651_T3_P1_R2,T3,R2,13,ex13,1560,13.0,23.975,17,100.0,26,1.668
671,671_T1_P1_R1,T1,R1,9,ex09,960,8.0,47.84,52,100.0,15,1.564
671,671_T1_P1_R1,T1,R1,10,ex10,1200,10.0,47.936,56,100.0,18,1.501
671,671_T1_P1_R1,T1,R1,11,ex11,1440,12.0,47.308,51,100.0,23,1.598
671,671_T1_P1_R1,T1,R1,12,ex12,1200,10.0,47.32,53,100.0,20,1.668
671,671_T1_P1_R1,T1,R1,13,ex13,1440,12.0,47.283,53,100.0,22,1.529
671,671_T1_P1_R2,T1,R2,9,ex09,1080,9.0,38.944,42,100.0,17,1.576
671,671_T1_P1_R2,T1,R2,10,ex10,1320,11.0,38.651,39,100.0,21,1.592
671,671_T1_P1_R2,T1,R2,11,ex11,1320,11.0,38.208,34,100.0,16,1.213
671,671_T1_P1_R2,T1,R2,12,ex12,1080,9.0,37.961,33,100.0,18,1.668
671,671_T1_P1_R2,T1,R2,13,ex13,1560,13.0,38.25,38,100.0,26,1.668
671,671_T2_P1_R1,T2,R1,9,ex09,1080,9.0,22.132,19,100.0,17,1.576
671,671_T2_P1_R1,T2,R1,10,ex10,1320,11.0,21.875,16,100.0,21,1.592
671,671_T2_P1_R1,T2,R1,11,ex11,1320,11.0,21.793,17,100.0,20,1.516
671,671_T2_P1_R1,T2,R1,12,ex12,1080,9.0,21.82,15,100.0,17,1.576
671,671_T2_P1_R1,T2,R1,13,ex13,1560,13.0,21.848,15,100.0,25,1.604
671,671_T2_P1_R2,T2,R2,9,ex09,1080,9.0,30.546,37,100.0,13,1.205
671,671_T2_P1_R2,T2,R2,10,ex10,1320,11.0,30.758,31,100.0,20,1.516
671,671_T2_P1_R2,T2,R2,11,ex11,1200,10.0,30.018,24,100.0,20,1.668
671,671_T2_P1_R2,T2,R2,12,ex12,1200,10.0,29.899,23,100.0,17,1.418
671,671_T2_P1_R2,T2,R2,13,ex13,2040,17.0,29.952,23,100.0,25,1.226
671,671_T3_P1_R1,T3,R1,9,ex09,1320,11.0,27.592,24,100.0,22,1.668
671,671_T3_P1_R1,T3,R1,10,ex10,1200,10.0,27.471,26,100.0,20,1.668
671,671_T3_P1_R1,T3,R1,11,ex11,1200,10.0,27.341,26,100.0,18,1.501
671,671_T3_P1_R1,T3,R1,12,ex12,1200,10.0,27.296,21,100.0,20,1.668
671,671_T3_P1_R1,T3,R1,13,ex13,1680,14.0,27.227,22,100.0,16,0.953
671,671_T3_P1_R2,T3,R2,9,ex09,1200,10.0,53.459,72,100.0,17,1.418
671,671_T3_P1_R2,T3,R2,10,ex10,1200,10.0,53.327,73,100.0,19,1.585
671,671_T3_P1_R2,T3,R2,11,ex11,1200,10.0,53.257,65,100.0,20,1.668
671,671_T3_P1_R2,T3,R2,12,ex12,960,8.0,53.285,70,100.0,15,1.564
671,671_T3_P1_R2,T3,R2,13,ex13,2280,19.0,53.14,78,100.0,20,0.878
790,790_T1_P1_R1,T1,R1,9,ex09,960,8.0,25.772,19,100.0,15,1.564
790,790_T1_P1_R1,T1,R1,10,ex10,1200,10.0,26.033,24,100.0,18,1.501
790,790_T1_P1_R1,T1,R1,11,ex11,1320,11.0,25.805,17,100.0,20,1.516
790,790_T1_P1_R1,T1,R1,12,ex12,960,8.0,25.791,18,100.0,15,1.564
790,790_T1_P1_R1,T1,R1,13,ex13,1800,15.0,26.13,27,100.0,27,1.501
790,790_T1_P1_R2,T1,R2,9,ex09,960,8.0,22.224,14,100.0,15,1.564
790,790_T1_P1_R2,T1,R2,10,ex10,1320,11.0,22.571,26,100.0,19,1.44
790,790_T1_P1_R2,T1,R2,11,ex11,1320,11.0,22.245,14,100.0,20,1.516
790,790_T1_P1_R2,T1,R2,12,ex12,1200,10.0,22.536,21,100.0,18,1.501
790,790_T1_P1_R2,T1,R2,13,ex13,1800,15.0,22.573,18,100.0,27,1.501
790,790_T2_P1_R1,T2,R1,9,ex09,1320,11.0,2.136,1,100.0,20,1.516
790,790_T2_P1_R1,T2,R1,10,ex10,1200,10.0,2.043,1,100.0,18,1.501
790,790_T2_P1_R1,T2,R1,11,ex11,1080,9.0,2.044,1,100.0,16,1.483
790,790_T2_P1_R1,T2,R1,12,ex12,960,8.0,2.092,2,99.583,15,1.564
790,790_T2_P1_R1,T2,R1,13,ex13,1800,15.0,2.003,1,100.0,27,1.501
790,790_T2_P1_R2,T2,R2,9,ex09,1080,9.0,3.922,2,100.0,16,1.483
790,790_T2_P1_R2,T2,R2,10,ex10,1200,10.0,4.296,5,100.0,17,1.418
790,790_T2_P1_R2,T2,R2,11,ex11,1200,10.0,3.93,2,100.0,18,1.501
790,790_T2_P1_R2,T2,R2,12,ex12,960,8.0,3.932,2,100.0,15,1.564
790,790_T2_P1_R2,T2,R2,13,ex13,2040,17.0,3.966,3,100.0,30,1.471
790,790_T3_P1_R1,T3,R1,9,ex09,1080,9.0,19.042,11,100.0,16,1.483
790,790_T3_P1_R1,T3,R1,10,ex10,1200,10.0,16.243,12,100.0,18,1.501
790,790_T3_P1_R1,T3,R1,11,ex11,1320,11.0,15.742,9,100.0,20,1.516
790,790_T3_P1_R1,T3,R1,12,ex12,960,8.0,15.571,10,100.0,15,1.564
790,790_T3_P1_R1,T3,R1,13,ex13,2280,19.0,15.851,12,100.0,34,1.492
790,790_T3_P1_R2,T3,R2,9,ex09,1080,9.0,21.799,13,100.0,16,1.483
790,790_T3_P1_R2,T3,R2,10,ex10,1200,10.0,21.819,21,100.0,17,1.418
790,790_T3_P1_R2,T3,R2,11,ex11,1320,11.0,19.261,17,100.0,20,1.516
790,790_T3_P1_R2,T3,R2,12,ex12,1200,10.0,20.043,22,100.0,18,1.501
790,790_T3_P1_R2,T3,R2,13,ex13,1560,13.0,19.453,20,100.0,23,1.475
