participant,space,link_id,pooled_T1_vs_T3_included,pooled_T1_vs_T3_JcvPCA_mean,pooled_T1_vs_T3_JcvPCA_abs_mean,pooled_T1_vs_T3_n_pcs,pooled_T1_vs_T3_exclusion,NV_T1_R1_vs_R2_included,NV_T1_R1_vs_R2_JcvPCA_mean,NV_T1_R1_vs_R2_JcvPCA_abs_mean,NV_T1_R1_vs_R2_n_pcs,NV_T1_R1_vs_R2_exclusion
790,null,790_to_Ab,True,0.00052,0.026245,6.0,,True,0.007477,0.022556,5,
790,null,790_to_LThigh,True,0.004554,0.060448,6.0,,True,0.003743,0.138285,5,
790,null,790_to_RThigh,True,-0.004732,0.030342,6.0,,True,0.024257,0.096122,5,
790,null,Ab_to_Spine2,False,,,,marker_gap_policy: marker_gap_policy: T3_R1 — Supporting marker `790:RIPS` has ,True,0.006124,0.017209,5,
790,null,Chest_to_LShoulder,True,3.4e-05,0.048932,6.0,,True,-0.015726,0.083454,5,
790,null,Chest_to_Neck,True,0.001623,0.036964,6.0,,True,-0.003708,0.013444,5,
790,null,Chest_to_RShoulder,True,-0.008588,0.02703,6.0,,True,0.006021,0.031368,5,
790,null,LFArm_to_LHand,True,-0.003534,0.143314,6.0,,True,-0.141576,0.141576,5,
790,null,LShin_to_LFoot,True,0.007282,0.04029,6.0,,True,-0.0029,0.016408,5,
790,null,LShoulder_to_LUArm,True,-0.010217,0.140613,6.0,,True,0.000185,0.192256,5,
790,null,LThigh_to_LShin,True,0.003252,0.0723,6.0,,True,-0.021363,0.146394,5,
790,null,LUArm_to_LFArm,True,0.040389,0.213855,6.0,,True,0.02539,0.206928,5,
790,null,Neck2_to_Head,True,0.001606,0.036911,6.0,,True,-0.003709,0.013487,5,
790,null,Neck_to_Neck2,True,0.001607,0.036879,6.0,,True,-0.003702,0.013482,5,
790,null,RShin_to_RFoot,True,0.002365,0.039263,6.0,,True,-0.007874,0.053927,5,
790,null,RShoulder_to_RUArm,True,-0.038735,0.086579,6.0,,True,0.005058,0.17352,5,
790,null,RThigh_to_RShin,True,0.005206,0.078125,6.0,,True,0.050295,0.103746,5,
790,null,Spine2_to_Spine3,False,,,,marker_gap_policy: marker_gap_policy: T3_R1 — Supporting marker `790:RIPS` has ,True,0.006122,0.017213,5,
790,null,Spine3_to_Spine4,True,-0.0006,0.028015,6.0,,True,0.006124,0.017213,5,
790,null,Spine4_to_Chest,True,-0.000602,0.028016,6.0,,True,0.006125,0.017212,5,
