participant,comparison_id,comparison,reference_timepoint,target_timepoint,repetition_mode,exercise_window,link_id,parent_joint,child_joint,canonical_link_name,region_id,region_label,space,long_signed_mean_pc,long_signed,long_signed_rule,nv_signed_t1,long_abs_evr_weighted,nv_abs_evr_weighted,effect_ratio_vs_variability,effect_ratio_rule,effect_ratio_unweighted,exceeds_variability,signed_direction,direction_resolved,rom_ratio,rms_ratio,amplitude_flat,step5_classification
651,651_T1_vs_T2,T1_vs_T2,T1,T2,pooled,ex09_13_contiguous,651_to_Ab,651,Ab,651->Ab,other,other,combined,,,evr_weighted_signed_sum,-0.002673,,0.01694,,evr_weighted_abs_mean,,False,neutral,False,,,False,
651,651_T1_vs_T2,T1_vs_T2,T1,T2,pooled,ex09_13_contiguous,651_to_LThigh,651,LThigh,651->LThigh,left_leg,Left leg,combined,,,evr_weighted_signed_sum,0.003886,,0.048284,,evr_weighted_abs_mean,,False,neutral,False,,,False,
651,651_T1_vs_T2,T1_vs_T2,T1,T2,pooled,ex09_13_contiguous,651_to_RThigh,651,RThigh,651->RThigh,right_leg,Right leg,combined,,,evr_weighted_signed_sum,-0.011474,,0.060882,,evr_weighted_abs_mean,,False,neutral,False,,,False,
651,651_T1_vs_T2,T1_vs_T2,T1,T2,pooled,ex09_13_contiguous,Ab_to_Chest,Ab,Chest,Ab->Chest,trunk_spine,Trunk / Spine,combined,,,evr_weighted_signed_sum,,,,,evr_weighted_abs_mean,,False,neutral,False,,,False,
651,651_T1_vs_T2,T1_vs_T2,T1,T2,pooled,ex09_13_contiguous,Chest_to_LShoulder,Chest,LShoulder,Chest->LShoulder,left_arm,Left arm,combined,,,evr_weighted_signed_sum,,,,,evr_weighted_abs_mean,,False,neutral,False,,,False,
651,651_T1_vs_T2,T1_vs_T2,T1,T2,pooled,ex09_13_contiguous,Chest_to_Neck,Chest,Neck,Chest->Neck,head_neck,Head / Neck,combined,,,evr_weighted_signed_sum,,,,,evr_weighted_abs_mean,,False,neutral,False,,,False,
651,651_T1_vs_T2,T1_vs_T2,T1,T2,pooled,ex09_13_contiguous,Chest_to_RShoulder,Chest,RShoulder,Chest->RShoulder,right_arm,Right arm,combined,,,evr_weighted_signed_sum,,,,,evr_weighted_abs_mean,,False,neutral,False,,,False,
651,651_T1_vs_T2,T1_vs_T2,T1,T2,pooled,ex09_13_contiguous,LFArm_to_LHand,LFArm,LHand,LFArm->LHand,left_arm,Left arm,combined,-0.002627,0.058406,evr_weighted_signed_sum,0.041373,0.321459,0.183085,1.7558,evr_weighted_abs_mean,1.6182,True,increase,True,0.9272,0.9143,True,organization
651,651_T1_vs_T2,T1_vs_T2,T1,T2,pooled,ex09_13_contiguous,LShin_to_LFoot,LShin,LFoot,LShin->LFoot,left_leg,Left leg,combined,0.000275,-0.006906,evr_weighted_signed_sum,-0.009251,0.059107,0.028621,2.0651,evr_weighted_abs_mean,2.0413,True,decrease,True,0.8434,0.9474,True,organization
651,651_T1_vs_T2,T1_vs_T2,T1,T2,pooled,ex09_13_contiguous,LShoulder_to_LUArm,LShoulder,LUArm,LShoulder->LUArm,left_arm,Left arm,combined,-0.003934,-0.010026,evr_weighted_signed_sum,-0.020892,0.029567,0.09116,0.3243,evr_weighted_abs_mean,0.3901,False,decrease,False,1.1224,1.1891,True,within_variability
651,651_T1_vs_T2,T1_vs_T2,T1,T2,pooled,ex09_13_contiguous,LThigh_to_LShin,LThigh,LShin,LThigh->LShin,left_leg,Left leg,combined,0.00014,-0.013116,evr_weighted_signed_sum,0.00711,0.07673,0.063921,1.2004,evr_weighted_abs_mean,1.2962,True,decrease,True,0.9769,1.2463,True,organization
651,651_T1_vs_T2,T1_vs_T2,T1,T2,pooled,ex09_13_contiguous,LUArm_to_LFArm,LUArm,LFArm,LUArm->LFArm,left_arm,Left arm,combined,0.006472,0.034407,evr_weighted_signed_sum,0.004829,0.164888,0.125896,1.3097,evr_weighted_abs_mean,1.2691,True,increase,True,0.9053,0.9066,True,organization
651,651_T1_vs_T2,T1_vs_T2,T1,T2,pooled,ex09_13_contiguous,Neck_to_Head,Neck,Head,Neck->Head,head_neck,Head / Neck,combined,,,evr_weighted_signed_sum,,,,,evr_weighted_abs_mean,,False,neutral,False,,,False,
651,651_T1_vs_T2,T1_vs_T2,T1,T2,pooled,ex09_13_contiguous,RFArm_to_RHand,RFArm,RHand,RFArm->RHand,right_arm,Right arm,combined,-0.005149,-0.039253,evr_weighted_signed_sum,0.024692,0.230902,0.058167,3.9696,evr_weighted_abs_mean,3.0135,True,decrease,True,1.0026,1.0869,True,organization
651,651_T1_vs_T2,T1_vs_T2,T1,T2,pooled,ex09_13_contiguous,RShin_to_RFoot,RShin,RFoot,RShin->RFoot,right_leg,Right leg,combined,0.002967,-0.005286,evr_weighted_signed_sum,-0.002556,0.059292,0.027172,2.1821,evr_weighted_abs_mean,1.9094,True,decrease,False,0.8583,1.1227,True,organization
651,651_T1_vs_T2,T1_vs_T2,T1,T2,pooled,ex09_13_contiguous,RShoulder_to_RUArm,RShoulder,RUArm,RShoulder->RUArm,right_arm,Right arm,combined,-0.008684,-0.033616,evr_weighted_signed_sum,-0.005973,0.152387,0.044983,3.3876,evr_weighted_abs_mean,2.4399,True,decrease,True,1.3402,1.2574,False,mixed
651,651_T1_vs_T2,T1_vs_T2,T1,T2,pooled,ex09_13_contiguous,RThigh_to_RShin,RThigh,RShin,RThigh->RShin,right_leg,Right leg,combined,0.001858,-0.025862,evr_weighted_signed_sum,-0.000682,0.139644,0.082638,1.6898,evr_weighted_abs_mean,1.6849,True,decrease,True,0.8344,1.2324,True,organization
651,651_T1_vs_T2,T1_vs_T2,T1,T2,pooled,ex09_13_contiguous,RUArm_to_RFArm,RUArm,RFArm,RUArm->RFArm,right_arm,Right arm,combined,0.010666,0.000283,evr_weighted_signed_sum,0.039986,0.231279,0.17807,1.2988,evr_weighted_abs_mean,1.1008,True,increase,True,0.9266,1.085,True,organization
