Skeleton,651,0,
Bone,651_T2_651_T2,1,0,0,0,0,651
Bone,651_T2_Ab,2,1,0,0,0,651
Bone,651_T2_Spine2,3,2,0,0,0,651
Bone,651_T2_Spine3,4,3,0,0,0,651
Bone,651_T2_Spine4,5,4,0,0,0,651
Bone,651_T2_Chest,6,5,0,0,0,651
Bone,651_T2_Neck,7,6,0,0,0,651
Bone,651_T2_Neck2,8,7,0,0,0,651
Bone,651_T2_Head,9,8,0,0,0,651
Bone,651_T2_LShoulder,10,6,0,0,0,651
Bone,651_T2_LUArm,11,10,0,0,0,651
Bone,651_T2_LFArm,12,11,0,0,0,651
Bone,651_T2_LHand,13,12,0,0,0,651
Bone,651_T2_LThumb1,14,13,0,0,0,651
Bone,651_T2_LThumb2,15,14,0,0,0,651
Bone,651_T2_LThumb3,16,15,0,0,0,651
Bone,651_T2_LIndex1,17,13,0,0,0,651
Bone,651_T2_LIndex2,18,17,0,0,0,651
Bone,651_T2_LIndex3,19,18,0,0,0,651
Bone,651_T2_LMiddle1,20,13,0,0,0,651
Bone,651_T2_LMiddle2,21,20,0,0,0,651
Bone,651_T2_LMiddle3,22,21,0,0,0,651
Bone,651_T2_LRing1,23,13,0,0,0,651
Bone,651_T2_LRing2,24,23,0,0,0,651
Bone,651_T2_LRing3,25,24,0,0,0,651
Bone,651_T2_LPinky1,26,13,0,0,0,651
Bone,651_T2_LPinky2,27,26,0,0,0,651
Bone,651_T2_LPinky3,28,27,0,0,0,651
Bone,651_T2_RShoulder,29,6,0,0,0,651
Bone,651_T2_RUArm,30,29,0,0,0,651
Bone,651_T2_RFArm,31,30,0,0,0,651
Bone,651_T2_RHand,32,31,0,0,0,651
Bone,651_T2_RThumb1,33,32,0,0,0,651
Bone,651_T2_RThumb2,34,33,0,0,0,651
Bone,651_T2_RThumb3,35,34,0,0,0,651
Bone,651_T2_RIndex1,36,32,0,0,0,651
Bone,651_T2_RIndex2,37,36,0,0,0,651
Bone,651_T2_RIndex3,38,37,0,0,0,651
Bone,651_T2_RMiddle1,39,32,0,0,0,651
Bone,651_T2_RMiddle2,40,39,0,0,0,651
Bone,651_T2_RMiddle3,41,40,0,0,0,651
Bone,651_T2_RRing1,42,32,0,0,0,651
Bone,651_T2_RRing2,43,42,0,0,0,651
Bone,651_T2_RRing3,44,43,0,0,0,651
Bone,651_T2_RPinky1,45,32,0,0,0,651
Bone,651_T2_RPinky2,46,45,0,0,0,651
Bone,651_T2_RPinky3,47,46,0,0,0,651
Bone,651_T2_LThigh,48,1,0,0,0,651
Bone,651_T2_LShin,49,48,0,0,0,651
Bone,651_T2_LFoot,50,49,0,0,0,651
Bone,651_T2_LToe,51,50,0,0,0,651
Bone,651_T2_RThigh,52,1,0,0,0,651
Bone,651_T2_RShin,53,52,0,0,0,651
Bone,651_T2_RFoot,54,53,0,0,0,651
Bone,651_T2_RToe,55,54,0,0,0,651
Marker set,651,
