participant,comparison_id,axis,axis_detail,primary_m,selected_m,top5_overlap,pooled_vs_r1_overlap,pooled_vs_r2_overlap,longitudinal_r1_vs_r2_overlap,pooled_vs_r1_overlap_p50,pooled_vs_r1_overlap_p60,pooled_vs_r2_overlap_p50,pooled_vs_r2_overlap_p60,functional_chain_retained,robustness_label
671,671_T1_vs_T2,k_grid,4,9,4,0.6,,,,,,,,retained,
671,671_T1_vs_T2,k_grid,5,9,5,0.6,,,,,,,,retained,
671,671_T1_vs_T2,k_grid,6,9,6,0.6,,,,,,,,retained,
671,671_T1_vs_T2,k_grid,7,9,7,0.8,,,,,,,,retained,
671,671_T1_vs_T2,k_grid,8,9,8,0.6,,,,,,,,retained,
671,671_T1_vs_T2,k_grid,9,9,9,1.0,,,,,,,,retained,
671,671_T1_vs_T2,k_grid,10,9,10,1.0,,,,,,,,retained,
671,671_T1_vs_T2,repetition_mode,pooled_vs_single,9,9,0.6,0.6,0.4,0.6,0.8,0.6,0.6,0.8,not,
671,671_T1_vs_T2,qc_drop,drop_1_caution,9,9,1.0,,,,,,,,not,stable
671,671_T1_vs_T3,k_grid,4,9,4,0.6,,,,,,,,not,
671,671_T1_vs_T3,k_grid,5,9,5,0.6,,,,,,,,not,
671,671_T1_vs_T3,k_grid,6,9,6,0.4,,,,,,,,not,
671,671_T1_vs_T3,k_grid,7,9,7,0.8,,,,,,,,not,
671,671_T1_vs_T3,k_grid,8,9,8,0.8,,,,,,,,not,
671,671_T1_vs_T3,k_grid,9,9,9,1.0,,,,,,,,retained,
671,671_T1_vs_T3,k_grid,10,9,10,0.8,,,,,,,,not,
671,671_T1_vs_T3,repetition_mode,pooled_vs_single,9,9,0.6,0.6,0.4,0.4,0.8,0.4,0.2,0.8,not,
671,671_T1_vs_T3,qc_drop,drop_1_caution,9,9,1.0,,,,,,,,retained,stable
252,252_T1_vs_T2,k_grid,4,10,4,0.6,,,,,,,,retained,
252,252_T1_vs_T2,k_grid,5,10,5,0.4,,,,,,,,retained,
252,252_T1_vs_T2,k_grid,6,10,6,0.6,,,,,,,,retained,
252,252_T1_vs_T2,k_grid,7,10,7,0.6,,,,,,,,retained,
252,252_T1_vs_T2,k_grid,8,10,8,0.6,,,,,,,,retained,
252,252_T1_vs_T2,k_grid,9,10,9,0.6,,,,,,,,retained,
252,252_T1_vs_T2,k_grid,10,10,10,1.0,,,,,,,,retained,
252,252_T1_vs_T2,repetition_mode,pooled_vs_single,10,10,0.4,0.4,0.2,0.6,0.6,0.6,0.6,0.6,retained,
252,252_T1_vs_T2,qc_drop,no_caution_links,10,10,1.0,,,,,,,,retained,partial
252,252_T1_vs_T3,k_grid,4,10,4,0.6,,,,,,,,not,
252,252_T1_vs_T3,k_grid,5,10,5,0.6,,,,,,,,retained,
252,252_T1_vs_T3,k_grid,6,10,6,0.6,,,,,,,,not,
252,252_T1_vs_T3,k_grid,7,10,7,0.6,,,,,,,,retained,
252,252_T1_vs_T3,k_grid,8,10,8,1.0,,,,,,,,retained,
252,252_T1_vs_T3,k_grid,9,10,9,0.8,,,,,,,,retained,
252,252_T1_vs_T3,k_grid,10,10,10,1.0,,,,,,,,retained,
252,252_T1_vs_T3,repetition_mode,pooled_vs_single,10,10,0.4,0.4,0.8,0.2,1.0,0.8,1.0,0.8,retained,
252,252_T1_vs_T3,qc_drop,no_caution_links,10,10,1.0,,,,,,,,retained,partial
651,651_T1_vs_T2,k_grid,4,6,4,0.6,,,,,,,,retained,
651,651_T1_vs_T2,k_grid,5,6,5,0.6,,,,,,,,retained,
651,651_T1_vs_T2,k_grid,6,6,6,1.0,,,,,,,,retained,
651,651_T1_vs_T2,k_grid,7,6,7,1.0,,,,,,,,retained,
651,651_T1_vs_T2,k_grid,8,6,8,0.8,,,,,,,,retained,
651,651_T1_vs_T2,k_grid,9,6,9,0.6,,,,,,,,retained,
651,651_T1_vs_T2,k_grid,10,6,10,0.6,,,,,,,,retained,
651,651_T1_vs_T2,repetition_mode,pooled_vs_single,6,6,0.6,0.6,0.6,0.6,0.6,0.4,1.0,0.6,retained,
651,651_T1_vs_T2,qc_drop,drop_4_caution,6,6,1.0,,,,,,,,retained,stable
651,651_T1_vs_T3,k_grid,4,6,4,0.8,,,,,,,,retained,
651,651_T1_vs_T3,k_grid,5,6,5,0.8,,,,,,,,retained,
651,651_T1_vs_T3,k_grid,6,6,6,1.0,,,,,,,,retained,
651,651_T1_vs_T3,k_grid,7,6,7,1.0,,,,,,,,retained,
651,651_T1_vs_T3,k_grid,8,6,8,0.8,,,,,,,,retained,
651,651_T1_vs_T3,k_grid,9,6,9,0.6,,,,,,,,retained,
651,651_T1_vs_T3,k_grid,10,6,10,0.6,,,,,,,,retained,
651,651_T1_vs_T3,repetition_mode,pooled_vs_single,6,6,0.8,0.8,0.8,0.6,0.6,0.8,0.6,0.8,retained,
651,651_T1_vs_T3,qc_drop,drop_4_caution,6,6,1.0,,,,,,,,retained,stable
790,790_T1_vs_T2,k_grid,4,9,4,0.6,,,,,,,,not,
790,790_T1_vs_T2,k_grid,5,9,5,0.8,,,,,,,,retained,
790,790_T1_vs_T2,k_grid,6,9,6,0.6,,,,,,,,retained,
790,790_T1_vs_T2,k_grid,7,9,7,0.4,,,,,,,,not,
790,790_T1_vs_T2,k_grid,8,9,8,0.8,,,,,,,,retained,
790,790_T1_vs_T2,k_grid,9,9,9,1.0,,,,,,,,retained,
790,790_T1_vs_T2,k_grid,10,9,10,0.8,,,,,,,,retained,
790,790_T1_vs_T2,repetition_mode,pooled_vs_single,9,9,0.6,0.6,0.8,0.4,0.4,0.4,0.8,0.8,retained,
790,790_T1_vs_T2,qc_drop,no_caution_links,9,9,1.0,,,,,,,,retained,stable
790,790_T1_vs_T3,k_grid,4,9,4,0.4,,,,,,,,not,
790,790_T1_vs_T3,k_grid,5,9,5,0.4,,,,,,,,not,
790,790_T1_vs_T3,k_grid,6,9,6,0.4,,,,,,,,not,
790,790_T1_vs_T3,k_grid,7,9,7,0.4,,,,,,,,not,
790,790_T1_vs_T3,k_grid,8,9,8,0.6,,,,,,,,retained,
790,790_T1_vs_T3,k_grid,9,9,9,1.0,,,,,,,,retained,
790,790_T1_vs_T3,k_grid,10,9,10,0.8,,,,,,,,not,
790,790_T1_vs_T3,repetition_mode,pooled_vs_single,9,9,0.4,0.4,0.4,0.2,0.4,0.4,0.6,0.4,retained,
790,790_T1_vs_T3,qc_drop,no_caution_links,9,9,1.0,,,,,,,,retained,partial
