comparison_id,kind,pc,region,JRW_A_region,JRW_B_region,JcvPCA_region,n_links
671_T1_vs_T2,longitudinal,1,head_neck,0.0790075620802702,0.06042073676127055,-0.01858682531899965,2
671_T1_vs_T2,longitudinal,1,left_arm,0.3047851286048524,0.25966962974778673,-0.04511549885706573,4
671_T1_vs_T2,longitudinal,1,left_leg,0.06066288768162581,0.14240852787447045,0.08174564019284462,2
671_T1_vs_T2,longitudinal,1,right_arm,0.26717099252726206,0.31336951344642544,0.04619852091916337,4
671_T1_vs_T2,longitudinal,1,right_leg,0.07085070586953866,0.18311993843950772,0.11226923256996904,2
671_T1_vs_T2,longitudinal,2,head_neck,0.03898453232550115,0.04222008407203572,0.0032355517465345734,2
671_T1_vs_T2,longitudinal,2,left_arm,0.2655192286389013,0.2381358831149863,-0.027383345523915054,4
671_T1_vs_T2,longitudinal,2,left_leg,0.05898074743404832,0.13261933840244292,0.07363859096839459,2
671_T1_vs_T2,longitudinal,2,right_arm,0.3181292061892458,0.3301402959567008,0.012011089767455047,4
671_T1_vs_T2,longitudinal,2,right_leg,0.03325377697773032,0.17034167216995053,0.1370878951922202,2
671_T1_vs_T2,longitudinal,3,head_neck,0.07587205475602174,0.08461593629485084,0.008743881538829101,2
671_T1_vs_T2,longitudinal,3,left_arm,0.14013041299427365,0.32442964114094985,0.18429922814667624,4
671_T1_vs_T2,longitudinal,3,left_leg,0.11185843484173788,0.07585518682564049,-0.036003248016097396,2
671_T1_vs_T2,longitudinal,3,right_arm,0.3261083700029251,0.2767313383656957,-0.049377031637229375,4
671_T1_vs_T2,longitudinal,3,right_leg,0.1480026911178585,0.1811065920667996,0.0331039009489411,2
671_T1_vs_T2,longitudinal,4,head_neck,0.1648943166491501,0.07008263612355559,-0.09481168052559452,2
671_T1_vs_T2,longitudinal,4,left_arm,0.2746005255598784,0.24833327850914966,-0.026267247050728755,4
671_T1_vs_T2,longitudinal,4,left_leg,0.19534852737118158,0.24193170416952703,0.04658317679834545,2
671_T1_vs_T2,longitudinal,4,right_arm,0.2799089903557116,0.2882445823814732,0.00833559202576166,4
671_T1_vs_T2,longitudinal,4,right_leg,0.24423383290204867,0.2074486486353554,-0.03678518426669329,2
671_T1_vs_T2,longitudinal,5,head_neck,0.15447258039254008,0.0997284779021875,-0.054744102490352595,2
671_T1_vs_T2,longitudinal,5,left_arm,0.34921609546001076,0.22892579647751787,-0.12029029898249288,4
671_T1_vs_T2,longitudinal,5,left_leg,0.10480528887257168,0.05977129767028146,-0.04503399120229021,2
671_T1_vs_T2,longitudinal,5,right_arm,0.19263862221920647,0.2478553146369885,0.05521669241778204,4
671_T1_vs_T2,longitudinal,5,right_leg,0.26716000127956774,0.3981121184026024,0.1309521171230347,2
671_T1_vs_T2,longitudinal,6,head_neck,0.08821025072005428,0.08951908203367959,0.0013088313136253096,2
671_T1_vs_T2,longitudinal,6,left_arm,0.29401451953626395,0.20440111707468878,-0.08961340246157518,4
671_T1_vs_T2,longitudinal,6,left_leg,0.04258937157341208,0.15985742440174128,0.1172680528283292,2
671_T1_vs_T2,longitudinal,6,right_arm,0.2901580380874666,0.3452438015405771,0.0550857634531105,4
671_T1_vs_T2,longitudinal,6,right_leg,0.26988984569832497,0.13595976494750023,-0.1339300807508247,2
671_T1_vs_T2,longitudinal,7,head_neck,0.1780834168469408,0.26080339025600296,0.08271997340906219,2
671_T1_vs_T2,longitudinal,7,left_arm,0.29068879990944557,0.33103476858584446,0.04034596867639885,4
671_T1_vs_T2,longitudinal,7,left_leg,0.22049196632421506,0.08934803143983644,-0.13114393488437862,2
671_T1_vs_T2,longitudinal,7,right_arm,0.15849674285540027,0.16765683643853133,0.009160093583131051,4
671_T1_vs_T2,longitudinal,7,right_leg,0.36044179654652275,0.15156241215304564,-0.20887938439347714,2
671_T1_vs_T2,longitudinal,8,head_neck,0.2590279056886795,0.26015034398669523,0.0011224382980157543,2
671_T1_vs_T2,longitudinal,8,left_arm,0.23424914562231644,0.26074170049577805,0.02649255487346163,4
671_T1_vs_T2,longitudinal,8,left_leg,0.42681217972911895,0.4073991316887047,-0.0194130480404143,2
671_T1_vs_T2,longitudinal,8,right_arm,0.18552943635091335,0.14347741879802442,-0.042052017552888926,4
671_T1_vs_T2,longitudinal,8,right_leg,0.16384827582931094,0.22494053734821987,0.061092261518908904,2
671_T1_vs_T3,longitudinal,1,head_neck,0.0790075620802702,0.06223507828230851,-0.01677248379796169,2
671_T1_vs_T3,longitudinal,1,left_arm,0.3047851286048524,0.3546847455466854,0.049899616941832925,4
671_T1_vs_T3,longitudinal,1,left_leg,0.06066288768162581,0.06053755086952925,-0.00012533681209656033,2
671_T1_vs_T3,longitudinal,1,right_arm,0.26717099252726206,0.2501822024702526,-0.016988790057009463,4
671_T1_vs_T3,longitudinal,1,right_leg,0.07085070586953866,0.06538123442429761,-0.005469471445241052,2
671_T1_vs_T3,longitudinal,2,head_neck,0.03898453232550115,0.05130198380541731,0.012317451479916166,2
671_T1_vs_T3,longitudinal,2,left_arm,0.2655192286389013,0.07414388943425078,-0.19137533920465055,4
671_T1_vs_T3,longitudinal,2,left_leg,0.05898074743404832,0.06291393753918412,0.003933190105135806,2
671_T1_vs_T3,longitudinal,2,right_arm,0.3181292061892458,0.3476026968990945,0.029473490709848726,4
671_T1_vs_T3,longitudinal,2,right_leg,0.03325377697773032,0.05172985148720243,0.01847607450947211,2
671_T1_vs_T3,longitudinal,3,head_neck,0.07587205475602174,0.11299620115462806,0.03712414639860633,2
671_T1_vs_T3,longitudinal,3,left_arm,0.14013041299427365,0.26121601460084337,0.12108560160656975,4
671_T1_vs_T3,longitudinal,3,left_leg,0.11185843484173788,0.08855742719049361,-0.023301007651244265,2
671_T1_vs_T3,longitudinal,3,right_arm,0.3261083700029251,0.307712682486146,-0.018395687516779044,4
671_T1_vs_T3,longitudinal,3,right_leg,0.1480026911178585,0.2838105193394423,0.13580782822158377,2
671_T1_vs_T3,longitudinal,4,head_neck,0.1648943166491501,0.0419066422711631,-0.12298767437798702,2
671_T1_vs_T3,longitudinal,4,left_arm,0.2746005255598784,0.37794336283808816,0.10334283727820977,4
671_T1_vs_T3,longitudinal,4,left_leg,0.19534852737118158,0.23317207406082338,0.0378235466896418,2
671_T1_vs_T3,longitudinal,4,right_arm,0.2799089903557116,0.12622719455256778,-0.1536817958031438,4
671_T1_vs_T3,longitudinal,4,right_leg,0.24423383290204867,0.16122616738589488,-0.08300766551615381,2
671_T1_vs_T3,longitudinal,5,head_neck,0.15447258039254008,0.03358271972824249,-0.1208898606642976,2
671_T1_vs_T3,longitudinal,5,left_arm,0.34921609546001076,0.2542610414268979,-0.09495505403311279,4
671_T1_vs_T3,longitudinal,5,left_leg,0.10480528887257168,0.01878478233389297,-0.08602050653867871,2
671_T1_vs_T3,longitudinal,5,right_arm,0.19263862221920647,0.31998333623601827,0.12734471401681183,4
671_T1_vs_T3,longitudinal,5,right_leg,0.26716000127956774,0.06020988672697099,-0.20695011455259674,2
671_T1_vs_T3,longitudinal,6,head_neck,0.08821025072005428,0.06135758422546474,-0.02685266649458954,2
671_T1_vs_T3,longitudinal,6,left_arm,0.29401451953626395,0.33125821797018495,0.037243698433920995,4
671_T1_vs_T3,longitudinal,6,left_leg,0.04258937157341208,0.18688034485657745,0.14429097328316537,2
671_T1_vs_T3,longitudinal,6,right_arm,0.2901580380874666,0.20188275834242494,-0.08827527974504167,4
671_T1_vs_T3,longitudinal,6,right_leg,0.26988984569832497,0.3421391451383944,0.07224929944006944,2
671_T1_vs_T3,longitudinal,7,head_neck,0.1780834168469408,0.10659404599703245,-0.07148937084990833,2
671_T1_vs_T3,longitudinal,7,left_arm,0.29068879990944557,0.2201984361006667,-0.07049036380877888,4
671_T1_vs_T3,longitudinal,7,left_leg,0.22049196632421506,0.2172391382218119,-0.003252828102403141,2
671_T1_vs_T3,longitudinal,7,right_arm,0.15849674285540027,0.23295061344105,0.07445387058564973,4
671_T1_vs_T3,longitudinal,7,right_leg,0.36044179654652275,0.403947515852213,0.04350571930569022,2
671_T1_vs_T3,longitudinal,8,head_neck,0.2590279056886795,0.36589128055724157,0.10686337486856207,2
671_T1_vs_T3,longitudinal,8,left_arm,0.23424914562231644,0.18020347237093284,-0.05404567325138361,4
671_T1_vs_T3,longitudinal,8,left_leg,0.42681217972911895,0.38430848195232004,-0.04250369777679891,2
671_T1_vs_T3,longitudinal,8,right_arm,0.18552943635091335,0.1707018195964409,-0.014827616754472441,4
671_T1_vs_T3,longitudinal,8,right_leg,0.16384827582931094,0.14515704417184253,-0.01869123165746843,2
671_T1_R1_vs_R2,natural_variability,1,head_neck,0.0790075620802702,0.05348757580269141,-0.025519986277578784,2
671_T1_R1_vs_R2,natural_variability,1,left_arm,0.3047851286048524,0.2842627976999875,-0.02052233090486491,4
671_T1_R1_vs_R2,natural_variability,1,left_leg,0.06066288768162581,0.08574763885442489,0.025084751172799083,2
671_T1_R1_vs_R2,natural_variability,1,right_arm,0.26717099252726206,0.27486007694770387,0.007689084420441791,4
671_T1_R1_vs_R2,natural_variability,1,right_leg,0.07085070586953866,0.0721079112183822,0.0012572053488435243,2
671_T1_R1_vs_R2,natural_variability,2,head_neck,0.03898453232550115,0.04711308685781941,0.008128554532318259,2
671_T1_R1_vs_R2,natural_variability,2,left_arm,0.2655192286389013,0.2488798817200002,-0.016639346918901163,4
671_T1_R1_vs_R2,natural_variability,2,left_leg,0.05898074743404832,0.05624467184483475,-0.0027360755892135713,2
671_T1_R1_vs_R2,natural_variability,2,right_arm,0.3181292061892458,0.29638327749967464,-0.021745928689571127,4
671_T1_R1_vs_R2,natural_variability,2,right_leg,0.03325377697773032,0.09156820736458784,0.05831443038685753,2
671_T1_R1_vs_R2,natural_variability,3,head_neck,0.07587205475602174,0.02149507415292648,-0.05437698060309525,2
671_T1_R1_vs_R2,natural_variability,3,left_arm,0.14013041299427365,0.21272243348320435,0.07259202048893074,4
671_T1_R1_vs_R2,natural_variability,3,left_leg,0.11185843484173788,0.02440721512739212,-0.08745121971434576,2
671_T1_R1_vs_R2,natural_variability,3,right_arm,0.3261083700029251,0.3564333438007088,0.030324973797783747,4
671_T1_R1_vs_R2,natural_variability,3,right_leg,0.1480026911178585,0.037725969463462745,-0.11027672165439575,2
671_T1_R1_vs_R2,natural_variability,4,head_neck,0.1648943166491501,0.2161531372837589,0.051258820634608765,2
671_T1_R1_vs_R2,natural_variability,4,left_arm,0.2746005255598784,0.21308142783690198,-0.06151909772297641,4
671_T1_R1_vs_R2,natural_variability,4,left_leg,0.19534852737118158,0.17734088821773625,-0.018007639153445318,2
671_T1_R1_vs_R2,natural_variability,4,right_arm,0.2799089903557116,0.27289113323550257,-0.00701785712020905,4
671_T1_R1_vs_R2,natural_variability,4,right_leg,0.24423383290204867,0.348909775662703,0.10467594276065431,2
671_T1_R1_vs_R2,natural_variability,5,head_neck,0.15447258039254008,0.16999651908983937,0.015523938697299275,2
671_T1_R1_vs_R2,natural_variability,5,left_arm,0.34921609546001076,0.28093260098109046,-0.06828349447892026,4
671_T1_R1_vs_R2,natural_variability,5,left_leg,0.10480528887257168,0.11168270818549586,0.006877419312924189,2
671_T1_R1_vs_R2,natural_variability,5,right_arm,0.19263862221920647,0.30413836238451347,0.11149974016530699,4
671_T1_R1_vs_R2,natural_variability,5,right_leg,0.26716000127956774,0.15017587372342955,-0.1169841275561382,2
671_T1_R1_vs_R2,natural_variability,6,head_neck,0.08821025072005428,0.07601893644843435,-0.01219131427161993,2
671_T1_R1_vs_R2,natural_variability,6,left_arm,0.29401451953626395,0.3410257858724586,0.04701126633619458,4
671_T1_R1_vs_R2,natural_variability,6,left_leg,0.04258937157341208,0.05126869733492477,0.008679325761512688,2
671_T1_R1_vs_R2,natural_variability,6,right_arm,0.2901580380874666,0.2246550395914686,-0.065502998495998,4
671_T1_R1_vs_R2,natural_variability,6,right_leg,0.26988984569832497,0.26382831057641,-0.006061535121914978,2
671_T1_R1_vs_R2,natural_variability,7,head_neck,0.1780834168469408,0.1922848113409406,0.014201394493999805,2
671_T1_R1_vs_R2,natural_variability,7,left_arm,0.29068879990944557,0.31260226890253384,0.02191346899308825,4
671_T1_R1_vs_R2,natural_variability,7,left_leg,0.22049196632421506,0.2332482890123767,0.012756322688161646,2
671_T1_R1_vs_R2,natural_variability,7,right_arm,0.15849674285540027,0.12241921102962525,-0.03607753182577503,4
671_T1_R1_vs_R2,natural_variability,7,right_leg,0.36044179654652275,0.3107562666286707,-0.04968552991785212,2
671_T1_R1_vs_R2,natural_variability,8,head_neck,0.2590279056886795,0.21735858420213497,-0.041669321486544536,2
671_T1_R1_vs_R2,natural_variability,8,left_arm,0.23424914562231644,0.22532186395381798,-0.008927281668498467,4
671_T1_R1_vs_R2,natural_variability,8,left_leg,0.42681217972911895,0.43157423397585915,0.004762054246740172,2
671_T1_R1_vs_R2,natural_variability,8,right_arm,0.18552943635091335,0.1849714402745451,-0.0005579960763682432,4
671_T1_R1_vs_R2,natural_variability,8,right_leg,0.16384827582931094,0.2172434946330615,0.05339521880375055,2
