comparison_id,kind,space,link_id,JcvPCA_mean,JcvPCA_abs_mean,n_pcs
671_T1_vs_T2,longitudinal,functional,671_to_Ab,0.038597242172258316,0.038597242172258316,2
671_T1_vs_T2,longitudinal,functional,671_to_LThigh,0.03077399555010265,0.06046188536507432,2
671_T1_vs_T2,longitudinal,functional,671_to_RThigh,0.04599487758667674,0.04599487758667674,2
671_T1_vs_T2,longitudinal,functional,Ab_to_Chest,0.026951236291600286,0.037745082760905366,2
671_T1_vs_T2,longitudinal,functional,Chest_to_LShoulder,-0.01849891013442001,0.020298360308199814,2
671_T1_vs_T2,longitudinal,functional,Chest_to_Neck,-0.010113733092454384,0.010567127106542618,2
671_T1_vs_T2,longitudinal,functional,Chest_to_RShoulder,-0.007823548903376248,0.010496838150809151,2
671_T1_vs_T2,longitudinal,functional,LFArm_to_LHand,0.2923043408178854,0.2923043408178854,2
671_T1_vs_T2,longitudinal,functional,LShin_to_LFoot,0.017018678455654364,0.017018678455654364,2
671_T1_vs_T2,longitudinal,functional,LShoulder_to_LUArm,0.005140071565558735,0.005140071565558735,2
671_T1_vs_T2,longitudinal,functional,LThigh_to_LShin,0.05799105195150639,0.10929688529819814,2
671_T1_vs_T2,longitudinal,functional,LUArm_to_LFArm,-0.22906825706387854,0.3558537456359484,2
671_T1_vs_T2,longitudinal,functional,Neck_to_Head,-0.0101137794611573,0.01056713221760643,2
671_T1_vs_T2,longitudinal,functional,RFArm_to_RHand,-0.1383545210737455,0.1383545210737455,2
671_T1_vs_T2,longitudinal,functional,RShin_to_RFoot,-0.0160363343798705,0.0160363343798705,2
671_T1_vs_T2,longitudinal,functional,RShoulder_to_RUArm,0.02498314029351341,0.02498314029351341,2
671_T1_vs_T2,longitudinal,functional,RThigh_to_RShin,0.00998839421393872,0.00998839421393872,2
671_T1_vs_T2,longitudinal,functional,RUArm_to_RFArm,0.00303002418918763,0.28291235769941786,2
671_T1_vs_T3,longitudinal,functional,671_to_Ab,0.04608646844354592,0.04608646844354592,2
671_T1_vs_T3,longitudinal,functional,671_to_LThigh,0.0669669089122606,0.0669669089122606,2
671_T1_vs_T3,longitudinal,functional,671_to_RThigh,0.07900300233039237,0.07900300233039237,2
671_T1_vs_T3,longitudinal,functional,Chest_to_LShoulder,-0.021343840112741836,0.02593212835992492,2
671_T1_vs_T3,longitudinal,functional,Chest_to_Neck,-0.013094462575097235,0.0324871670938754,2
671_T1_vs_T3,longitudinal,functional,Chest_to_RShoulder,-0.051370191134138384,0.051370191134138384,2
671_T1_vs_T3,longitudinal,functional,LFArm_to_LHand,0.2427343181892438,0.2427343181892438,2
671_T1_vs_T3,longitudinal,functional,LShin_to_LFoot,0.008869668553256205,0.041368804404007364,2
671_T1_vs_T3,longitudinal,functional,LShoulder_to_LUArm,0.03447977034029926,0.07037670781625582,2
671_T1_vs_T3,longitudinal,functional,LThigh_to_LShin,0.07567912312815374,0.07567912312815374,2
671_T1_vs_T3,longitudinal,functional,LUArm_to_LFArm,-0.02354880138445406,0.19355296846975625,2
671_T1_vs_T3,longitudinal,functional,Neck_to_Head,-0.013094479572910562,0.03248717919121896,2
671_T1_vs_T3,longitudinal,functional,RFArm_to_RHand,-0.3901554797957436,0.3901554797957436,2
671_T1_vs_T3,longitudinal,functional,RShin_to_RFoot,-0.0228960977240735,0.0228960977240735,2
671_T1_vs_T3,longitudinal,functional,RShoulder_to_RUArm,-0.08045206080818973,0.08045206080818973,2
671_T1_vs_T3,longitudinal,functional,RThigh_to_RShin,0.04515575345677629,0.04515575345677629,2
671_T1_vs_T3,longitudinal,functional,RUArm_to_RFArm,0.21378401240908718,0.21378401240908718,2
671_T1_R1_vs_R2,natural_variability,functional,671_to_Ab,0.01991629091274088,0.01991629091274088,2
671_T1_R1_vs_R2,natural_variability,functional,671_to_LThigh,0.026602050723562674,0.0346737581453635,2
671_T1_R1_vs_R2,natural_variability,functional,671_to_RThigh,0.04056770977695487,0.04309386875392521,2
671_T1_R1_vs_R2,natural_variability,functional,Ab_to_Chest,0.012776793317418073,0.012776793317418073,2
671_T1_R1_vs_R2,natural_variability,functional,Chest_to_LShoulder,0.00605697382930908,0.008902056403890475,2
671_T1_R1_vs_R2,natural_variability,functional,Chest_to_Neck,-0.03554816317985108,0.03554816317985108,2
671_T1_R1_vs_R2,natural_variability,functional,Chest_to_RShoulder,-0.03735129173037191,0.03735129173037191,2
671_T1_R1_vs_R2,natural_variability,functional,LFArm_to_LHand,-0.01584762772108786,0.02436076048923655,2
671_T1_R1_vs_R2,natural_variability,functional,LShin_to_LFoot,-0.017743008137948893,0.017743008137948893,2
671_T1_R1_vs_R2,natural_variability,functional,LShoulder_to_LUArm,0.0463952494271692,0.0463952494271692,2
671_T1_R1_vs_R2,natural_variability,functional,LThigh_to_LShin,0.03727344341344217,0.03727344341344217,2
671_T1_R1_vs_R2,natural_variability,functional,LUArm_to_LFArm,-0.0783933728261875,0.27805332900649393,2
671_T1_R1_vs_R2,natural_variability,functional,Neck_to_Head,-0.03554816315385642,0.03554816315385642,2
671_T1_R1_vs_R2,natural_variability,functional,RFArm_to_RHand,-0.020257660932883198,0.4211732101672577,2
671_T1_R1_vs_R2,natural_variability,functional,RShin_to_RFoot,-0.0356011849857851,0.0356011849857851,2
671_T1_R1_vs_R2,natural_variability,functional,RShoulder_to_RUArm,-0.12763679534486588,0.12763679534486588,2
671_T1_R1_vs_R2,natural_variability,functional,RThigh_to_RShin,0.02666878504449247,0.02666878504449247,2
671_T1_R1_vs_R2,natural_variability,functional,RUArm_to_RFArm,0.16740804028189266,0.16740804028189266,2
