participant,marker_label,bone_token,related_links
651,BackLeft,Chest,Ab_to_Chest; Chest_to_LShoulder; Chest_to_Neck; Chest_to_RShoulder
651,BackRight,RUArm,RShoulder_to_RUArm; RUArm_to_RFArm
651,BackTop,Neck,Chest_to_Neck; Neck_to_Head
651,ChestLow,Chest,Ab_to_Chest; Chest_to_LShoulder; Chest_to_Neck; Chest_to_RShoulder
651,ChestTop,Neck,Chest_to_Neck; Neck_to_Head
651,HeadFront,Head,Neck_to_Head
651,HeadLeft,Head,Neck_to_Head
651,HeadRight,Head,Neck_to_Head
651,HeadTop,Head,Neck_to_Head
651,LAnkleOut,LFoot,LShin_to_LFoot
651,LElbowOut,LFArm,LFArm_to_LHand; LUArm_to_LFArm
651,LFArm,LFArm,LFArm_to_LHand; LUArm_to_LFArm
651,LHandIn,LIndex2,
651,LHandOut,LPinky1,
651,LHeel,LFoot,LShin_to_LFoot
651,LIndex,LIndex2,
651,LKneeOut,LShin,LShin_to_LFoot; LThigh_to_LShin
651,LPinky,LPinky3,
651,LShin,LFoot,LShin_to_LFoot
651,LShoulderBack,LUArm,LShoulder_to_LUArm; LUArm_to_LFArm
651,LShoulderTop,LUArm,LShoulder_to_LUArm; LUArm_to_LFArm
651,LThighFront,LThigh,651_to_LThigh; LThigh_to_LShin
651,LThighSide,LThigh,651_to_LThigh; LThigh_to_LShin
651,LThumb,LIndex1,
651,LToeIn,LToe,
651,LToeOut,LToe,
651,LToeTip,LToe,
651,LUArmHigh,LFArm,LFArm_to_LHand; LUArm_to_LFArm
651,LWristOut,LHand,LFArm_to_LHand
651,RAnkleOut,RFoot,RShin_to_RFoot
651,RElbowOut,RFArm,RFArm_to_RHand; RUArm_to_RFArm
651,RFArm,RHand,RFArm_to_RHand
651,RHandIn,RIndex1,
651,RHandOut,RPinky1,
651,RHeel,RFoot,RShin_to_RFoot
651,RIndex,RIndex2,
651,RKneeOut,RShin,RShin_to_RFoot; RThigh_to_RShin
651,RPinky,RPinky3,
651,RShin,RShin,RShin_to_RFoot; RThigh_to_RShin
651,RShoulderBack,RUArm,RShoulder_to_RUArm; RUArm_to_RFArm
651,RShoulderTop,RUArm,RShoulder_to_RUArm; RUArm_to_RFArm
651,RThighFront,RShin,RShin_to_RFoot; RThigh_to_RShin
651,RThighSide,RThigh,651_to_RThigh; RThigh_to_RShin
651,RThumb,RThumb3,
651,RToeIn,RToe,
651,RToeOut,RToe,
651,RToeTip,RToe,
651,RUArmHigh,RFArm,RFArm_to_RHand; RUArm_to_RFArm
651,RWristOut,RHand,RFArm_to_RHand
651,WaistCBack,Chest,Ab_to_Chest; Chest_to_LShoulder; Chest_to_Neck; Chest_to_RShoulder
651,WaistLBack,LThigh,651_to_LThigh; LThigh_to_LShin
651,WaistLFront,LThigh,651_to_LThigh; LThigh_to_LShin
651,WaistRBack,RThigh,651_to_RThigh; RThigh_to_RShin
651,WaistRFront,RThigh,651_to_RThigh; RThigh_to_RShin
