participant,comparison,variance_kept,n_components_longitudinal,n_components_variability,link_id,effect_ratio,signed,above_floor,direction
671,T1_vs_T2,50,4,3,671_to_Ab,0.7302,0.007822,False,increase
671,T1_vs_T2,50,4,3,671_to_LThigh,2.4497,0.01338,True,increase
671,T1_vs_T2,50,4,3,671_to_RThigh,0.9625,0.019637,False,increase
671,T1_vs_T2,50,4,3,Ab_to_Chest,1.0647,0.006405,True,increase
671,T1_vs_T2,50,4,3,Chest_to_LShoulder,2.3641,0.004876,True,increase
671,T1_vs_T2,50,4,3,Chest_to_Neck,0.6769,-0.003452,False,decrease
671,T1_vs_T2,50,4,3,Chest_to_RShoulder,0.7784,-0.000282,False,decrease
671,T1_vs_T2,50,4,3,LFArm_to_LHand,10.4056,0.078372,True,increase
671,T1_vs_T2,50,4,3,LShin_to_LFoot,1.7115,0.008021,True,increase
671,T1_vs_T2,50,4,3,LShoulder_to_LUArm,1.4485,0.040026,True,increase
671,T1_vs_T2,50,4,3,LThigh_to_LShin,3.3147,0.016882,True,increase
671,T1_vs_T2,50,4,3,LUArm_to_LFArm,0.7452,-0.096378,False,decrease
671,T1_vs_T2,50,4,3,Neck_to_Head,0.6769,-0.003452,False,decrease
671,T1_vs_T2,50,4,3,RFArm_to_RHand,0.433,-0.057781,False,decrease
671,T1_vs_T2,50,4,3,RShin_to_RFoot,1.5066,0.004676,True,increase
671,T1_vs_T2,50,4,3,RShoulder_to_RUArm,0.4148,0.0265,False,increase
671,T1_vs_T2,50,4,3,RThigh_to_RShin,1.6603,0.016251,True,increase
671,T1_vs_T2,50,4,3,RUArm_to_RFArm,1.222,-0.041641,True,decrease
671,T1_vs_T2,60,5,4,671_to_Ab,0.6255,0.006592,False,increase
671,T1_vs_T2,60,5,4,671_to_LThigh,2.2993,0.005857,True,increase
671,T1_vs_T2,60,5,4,671_to_RThigh,1.2703,0.010758,True,increase
671,T1_vs_T2,60,5,4,Ab_to_Chest,0.8532,0.00469,False,increase
671,T1_vs_T2,60,5,4,Chest_to_LShoulder,1.4456,0.002381,True,increase
671,T1_vs_T2,60,5,4,Chest_to_Neck,0.8036,0.000484,False,increase
671,T1_vs_T2,60,5,4,Chest_to_RShoulder,0.7533,-0.001158,False,decrease
671,T1_vs_T2,60,5,4,LFArm_to_LHand,5.3463,0.066064,True,increase
671,T1_vs_T2,60,5,4,LShin_to_LFoot,1.4759,0.009166,True,increase
671,T1_vs_T2,60,5,4,LShoulder_to_LUArm,1.8588,0.025846,True,increase
671,T1_vs_T2,60,5,4,LThigh_to_LShin,3.519,0.017313,True,increase
671,T1_vs_T2,60,5,4,LUArm_to_LFArm,0.7006,-0.082471,False,decrease
671,T1_vs_T2,60,5,4,Neck_to_Head,0.8036,0.000484,False,increase
671,T1_vs_T2,60,5,4,RFArm_to_RHand,0.4818,-0.050909,False,decrease
671,T1_vs_T2,60,5,4,RShin_to_RFoot,1.3619,0.003744,True,increase
671,T1_vs_T2,60,5,4,RShoulder_to_RUArm,0.5192,0.017808,False,increase
671,T1_vs_T2,60,5,4,RThigh_to_RShin,1.3114,0.014914,True,increase
671,T1_vs_T2,60,5,4,RUArm_to_RFArm,1.1795,-0.026213,True,decrease
671,T1_vs_T2,70,6,6,671_to_Ab,0.6647,0.007159,False,increase
671,T1_vs_T2,70,6,6,671_to_LThigh,1.8534,0.009236,True,increase
671,T1_vs_T2,70,6,6,671_to_RThigh,1.5182,0.006209,True,increase
671,T1_vs_T2,70,6,6,Ab_to_Chest,0.8425,0.005203,False,increase
671,T1_vs_T2,70,6,6,Chest_to_LShoulder,1.2318,0.003461,True,increase
671,T1_vs_T2,70,6,6,Chest_to_Neck,0.7405,0.003326,False,increase
671,T1_vs_T2,70,6,6,Chest_to_RShoulder,0.5917,-0.002441,False,decrease
671,T1_vs_T2,70,6,6,LFArm_to_LHand,5.4713,0.040629,True,increase
671,T1_vs_T2,70,6,6,LShin_to_LFoot,1.2062,0.01135,True,increase
671,T1_vs_T2,70,6,6,LShoulder_to_LUArm,1.621,0.031254,True,increase
671,T1_vs_T2,70,6,6,LThigh_to_LShin,2.9448,0.026854,True,increase
671,T1_vs_T2,70,6,6,LUArm_to_LFArm,0.7272,-0.069492,False,decrease
671,T1_vs_T2,70,6,6,Neck_to_Head,0.7405,0.003326,False,increase
671,T1_vs_T2,70,6,6,RFArm_to_RHand,0.5178,-0.048517,False,decrease
671,T1_vs_T2,70,6,6,RShin_to_RFoot,1.5367,0.007809,True,increase
671,T1_vs_T2,70,6,6,RShoulder_to_RUArm,0.535,0.011698,False,increase
671,T1_vs_T2,70,6,6,RThigh_to_RShin,1.2011,0.018249,True,increase
671,T1_vs_T2,70,6,6,RUArm_to_RFArm,1.0838,-0.027482,True,decrease
671,T1_vs_T2,all,9,8,671_to_Ab,0.767,0.005256,False,increase
671,T1_vs_T2,all,9,8,671_to_LThigh,1.7745,0.003027,True,increase
671,T1_vs_T2,all,9,8,671_to_RThigh,1.3923,0.007658,True,increase
671,T1_vs_T2,all,9,8,Ab_to_Chest,0.895,0.004076,False,increase
671,T1_vs_T2,all,9,8,Chest_to_LShoulder,0.9385,0.003235,False,increase
671,T1_vs_T2,all,9,8,Chest_to_Neck,0.7423,0.002809,False,increase
671,T1_vs_T2,all,9,8,Chest_to_RShoulder,0.6833,-0.005001,False,decrease
671,T1_vs_T2,all,9,8,LFArm_to_LHand,4.6732,0.041896,True,increase
671,T1_vs_T2,all,9,8,LShin_to_LFoot,1.2037,0.006901,True,increase
671,T1_vs_T2,all,9,8,LShoulder_to_LUArm,1.3473,0.027428,True,increase
671,T1_vs_T2,all,9,8,LThigh_to_LShin,2.5872,0.015388,True,increase
671,T1_vs_T2,all,9,8,LUArm_to_LFArm,0.6867,-0.071741,False,decrease
671,T1_vs_T2,all,9,8,Neck_to_Head,0.7423,0.002809,False,increase
671,T1_vs_T2,all,9,8,RFArm_to_RHand,0.5687,-0.039952,False,decrease
671,T1_vs_T2,all,9,8,RShin_to_RFoot,1.3945,0.003946,True,increase
671,T1_vs_T2,all,9,8,RShoulder_to_RUArm,0.6995,0.008607,False,increase
671,T1_vs_T2,all,9,8,RThigh_to_RShin,1.1195,0.011658,True,increase
671,T1_vs_T2,all,9,8,RUArm_to_RFArm,0.9987,-0.031713,False,decrease
671,T1_vs_T3,50,3,3,671_to_Ab,1.1522,0.011551,True,increase
671,T1_vs_T3,50,3,3,671_to_RThigh,0.9193,0.022197,False,increase
671,T1_vs_T3,50,3,3,Chest_to_LShoulder,3.0246,-0.004289,True,decrease
671,T1_vs_T3,50,3,3,Chest_to_Neck,0.8786,0.000783,False,increase
671,T1_vs_T3,50,3,3,Chest_to_RShoulder,0.2193,0.001935,False,increase
671,T1_vs_T3,50,3,3,LFArm_to_LHand,12.0247,0.153611,True,increase
671,T1_vs_T3,50,3,3,LShin_to_LFoot,1.1798,0.010118,True,increase
671,T1_vs_T3,50,3,3,LShoulder_to_LUArm,0.6725,0.01102,False,increase
671,T1_vs_T3,50,3,3,LUArm_to_LFArm,0.6392,0.008373,False,increase
671,T1_vs_T3,50,3,3,Neck_to_Head,0.8786,0.000783,False,increase
671,T1_vs_T3,50,3,3,RFArm_to_RHand,0.9133,-0.184826,False,decrease
671,T1_vs_T3,50,3,3,RShin_to_RFoot,1.4254,0.00388,True,increase
671,T1_vs_T3,50,3,3,RShoulder_to_RUArm,0.6271,0.018301,False,increase
671,T1_vs_T3,50,3,3,RThigh_to_RShin,0.6045,0.008327,False,increase
671,T1_vs_T3,50,3,3,RUArm_to_RFArm,1.1267,-0.047539,True,decrease
671,T1_vs_T3,60,4,4,671_to_Ab,0.9043,0.010018,False,increase
671,T1_vs_T3,60,4,4,671_to_RThigh,0.9296,0.023457,False,increase
671,T1_vs_T3,60,4,4,Chest_to_LShoulder,1.8305,-0.00825,True,decrease
671,T1_vs_T3,60,4,4,Chest_to_Neck,0.8934,-0.001905,False,decrease
671,T1_vs_T3,60,4,4,Chest_to_RShoulder,0.4082,-0.003007,False,decrease
671,T1_vs_T3,60,4,4,LFArm_to_LHand,5.8925,0.136523,True,increase
671,T1_vs_T3,60,4,4,LShin_to_LFoot,1.0788,0.012642,True,increase
671,T1_vs_T3,60,4,4,LShoulder_to_LUArm,0.84,0.004092,False,increase
671,T1_vs_T3,60,4,4,LUArm_to_LFArm,0.5659,-0.003301,False,decrease
671,T1_vs_T3,60,4,4,Neck_to_Head,0.8934,-0.001905,False,decrease
671,T1_vs_T3,60,4,4,RFArm_to_RHand,1.0292,-0.154055,True,decrease
671,T1_vs_T3,60,4,4,RShin_to_RFoot,1.2453,0.002095,True,increase
671,T1_vs_T3,60,4,4,RShoulder_to_RUArm,0.8024,0.001349,False,increase
671,T1_vs_T3,60,4,4,RThigh_to_RShin,0.4796,0.009732,False,increase
671,T1_vs_T3,60,4,4,RUArm_to_RFArm,0.891,-0.047946,False,decrease
671,T1_vs_T3,70,6,6,671_to_Ab,0.9942,0.010839,False,increase
671,T1_vs_T3,70,6,6,671_to_RThigh,1.2894,0.011551,True,increase
671,T1_vs_T3,70,6,6,Chest_to_LShoulder,1.4214,-0.009454,True,decrease
671,T1_vs_T3,70,6,6,Chest_to_Neck,0.8153,-0.000781,False,decrease
671,T1_vs_T3,70,6,6,Chest_to_RShoulder,0.4843,0.004045,False,increase
671,T1_vs_T3,70,6,6,LFArm_to_LHand,5.7824,0.100223,True,increase
671,T1_vs_T3,70,6,6,LShin_to_LFoot,0.8211,0.010816,False,increase
671,T1_vs_T3,70,6,6,LShoulder_to_LUArm,0.7586,0.010041,False,increase
671,T1_vs_T3,70,6,6,LUArm_to_LFArm,0.5895,0.015904,False,increase
671,T1_vs_T3,70,6,6,Neck_to_Head,0.8153,-0.000781,False,decrease
671,T1_vs_T3,70,6,6,RFArm_to_RHand,1.0451,-0.151603,True,decrease
671,T1_vs_T3,70,6,6,RShin_to_RFoot,1.2805,1.4e-05,True,increase
671,T1_vs_T3,70,6,6,RShoulder_to_RUArm,0.6993,0.00524,False,increase
671,T1_vs_T3,70,6,6,RThigh_to_RShin,0.6239,0.003331,False,increase
671,T1_vs_T3,70,6,6,RUArm_to_RFArm,0.8379,-0.050255,False,decrease
671,T1_vs_T3,all,8,8,671_to_Ab,1.0295,0.007475,True,increase
671,T1_vs_T3,all,8,8,671_to_RThigh,1.3461,0.014615,True,increase
671,T1_vs_T3,all,8,8,Chest_to_LShoulder,1.2122,-0.006628,True,decrease
671,T1_vs_T3,all,8,8,Chest_to_Neck,0.753,-3.8e-05,False,decrease
671,T1_vs_T3,all,8,8,Chest_to_RShoulder,0.5074,0.001376,False,increase
671,T1_vs_T3,all,8,8,LFArm_to_LHand,5.0045,0.09123,True,increase
671,T1_vs_T3,all,8,8,LShin_to_LFoot,0.8037,0.008862,False,increase
671,T1_vs_T3,all,8,8,LShoulder_to_LUArm,0.6036,0.005928,False,increase
671,T1_vs_T3,all,8,8,LUArm_to_LFArm,0.5716,0.005791,False,increase
671,T1_vs_T3,all,8,8,Neck_to_Head,0.753,-3.8e-05,False,decrease
671,T1_vs_T3,all,8,8,RFArm_to_RHand,1.0649,-0.140518,True,decrease
671,T1_vs_T3,all,8,8,RShin_to_RFoot,1.1572,0.001875,True,increase
671,T1_vs_T3,all,8,8,RShoulder_to_RUArm,0.7174,0.005055,False,increase
671,T1_vs_T3,all,8,8,RThigh_to_RShin,0.6108,0.005382,False,increase
671,T1_vs_T3,all,8,8,RUArm_to_RFArm,0.8499,-0.038464,False,decrease
252,T1_vs_T2,50,4,4,252_to_Ab,0.4375,0.001384,False,increase
252,T1_vs_T2,50,4,4,252_to_LThigh,0.9987,0.004888,False,increase
252,T1_vs_T2,50,4,4,252_to_RThigh,1.461,0.017204,True,increase
252,T1_vs_T2,50,4,4,Ab_to_Spine2,0.3109,0.001232,False,increase
252,T1_vs_T2,50,4,4,Chest_to_LShoulder,0.6389,0.000145,False,increase
252,T1_vs_T2,50,4,4,Chest_to_Neck,0.4253,0.00183,False,increase
252,T1_vs_T2,50,4,4,Chest_to_RShoulder,0.0923,-0.001045,False,decrease
252,T1_vs_T2,50,4,4,LFArm_to_LHand,0.6366,-0.02036,False,decrease
252,T1_vs_T2,50,4,4,LShoulder_to_LUArm,1.1972,-0.015127,True,decrease
252,T1_vs_T2,50,4,4,LUArm_to_LFArm,0.6816,0.004158,False,increase
252,T1_vs_T2,50,4,4,Neck2_to_Head,0.4225,0.001839,False,increase
252,T1_vs_T2,50,4,4,Neck_to_Neck2,0.4235,0.001834,False,increase
252,T1_vs_T2,50,4,4,RFArm_to_RHand,1.6554,0.006253,True,increase
252,T1_vs_T2,50,4,4,RShin_to_RFoot,0.5677,0.002703,False,increase
252,T1_vs_T2,50,4,4,RShoulder_to_RUArm,1.1575,-0.004993,True,decrease
252,T1_vs_T2,50,4,4,RThigh_to_RShin,1.2846,0.014122,True,increase
252,T1_vs_T2,50,4,4,RUArm_to_RFArm,0.7462,-0.0022,False,decrease
252,T1_vs_T2,50,4,4,Spine2_to_Spine3,0.3115,0.001235,False,increase
252,T1_vs_T2,50,4,4,Spine3_to_Spine4,0.3114,0.001234,False,increase
252,T1_vs_T2,50,4,4,Spine4_to_Chest,0.3112,0.001233,False,increase
252,T1_vs_T2,60,5,5,252_to_Ab,0.4752,0.002191,False,increase
252,T1_vs_T2,60,5,5,252_to_LThigh,0.8138,0.002951,False,increase
252,T1_vs_T2,60,5,5,252_to_RThigh,1.9511,0.011199,True,increase
252,T1_vs_T2,60,5,5,Ab_to_Spine2,0.3283,0.001699,False,increase
252,T1_vs_T2,60,5,5,Chest_to_LShoulder,0.6665,-0.000837,False,decrease
252,T1_vs_T2,60,5,5,Chest_to_Neck,0.4234,0.002564,False,increase
252,T1_vs_T2,60,5,5,Chest_to_RShoulder,0.2657,0.003559,False,increase
252,T1_vs_T2,60,5,5,LFArm_to_LHand,0.586,-0.015441,False,decrease
252,T1_vs_T2,60,5,5,LShoulder_to_LUArm,0.9973,-0.015152,False,decrease
252,T1_vs_T2,60,5,5,LUArm_to_LFArm,0.666,0.004663,False,increase
252,T1_vs_T2,60,5,5,Neck2_to_Head,0.4205,0.002563,False,increase
252,T1_vs_T2,60,5,5,Neck_to_Neck2,0.4213,0.002559,False,increase
252,T1_vs_T2,60,5,5,RFArm_to_RHand,1.5817,0.011405,True,increase
252,T1_vs_T2,60,5,5,RShin_to_RFoot,0.7879,-0.004007,False,decrease
252,T1_vs_T2,60,5,5,RShoulder_to_RUArm,1.0897,0.002716,True,increase
252,T1_vs_T2,60,5,5,RThigh_to_RShin,1.0653,0.000258,True,increase
252,T1_vs_T2,60,5,5,RUArm_to_RFArm,0.6682,-0.003006,False,decrease
252,T1_vs_T2,60,5,5,Spine2_to_Spine3,0.3289,0.001704,False,increase
252,T1_vs_T2,60,5,5,Spine3_to_Spine4,0.3288,0.001702,False,increase
252,T1_vs_T2,60,5,5,Spine4_to_Chest,0.3286,0.001701,False,increase
252,T1_vs_T2,70,7,7,252_to_Ab,0.7114,-0.000261,False,decrease
252,T1_vs_T2,70,7,7,252_to_LThigh,0.9069,-0.003394,False,decrease
252,T1_vs_T2,70,7,7,252_to_RThigh,1.8121,0.007749,True,increase
252,T1_vs_T2,70,7,7,Ab_to_Spine2,0.5277,-0.00031,False,decrease
252,T1_vs_T2,70,7,7,Chest_to_LShoulder,0.61,-0.000385,False,decrease
252,T1_vs_T2,70,7,7,Chest_to_Neck,0.6923,0.00266,False,increase
252,T1_vs_T2,70,7,7,Chest_to_RShoulder,0.4896,-0.003805,False,decrease
252,T1_vs_T2,70,7,7,LFArm_to_LHand,0.5176,-0.019611,False,decrease
252,T1_vs_T2,70,7,7,LShoulder_to_LUArm,0.8951,-0.016788,False,decrease
252,T1_vs_T2,70,7,7,LUArm_to_LFArm,0.5706,0.00111,False,increase
252,T1_vs_T2,70,7,7,Neck2_to_Head,0.6888,0.002661,False,increase
252,T1_vs_T2,70,7,7,Neck_to_Neck2,0.6899,0.002658,False,increase
252,T1_vs_T2,70,7,7,RFArm_to_RHand,1.3871,0.025075,True,increase
252,T1_vs_T2,70,7,7,RShin_to_RFoot,0.8542,-0.000525,False,decrease
252,T1_vs_T2,70,7,7,RShoulder_to_RUArm,1.0201,-0.016315,True,decrease
252,T1_vs_T2,70,7,7,RThigh_to_RShin,1.1794,0.0096,True,increase
252,T1_vs_T2,70,7,7,RUArm_to_RFArm,0.7471,0.007016,False,increase
252,T1_vs_T2,70,7,7,Spine2_to_Spine3,0.5285,-0.000307,False,decrease
252,T1_vs_T2,70,7,7,Spine3_to_Spine4,0.5283,-0.000308,False,decrease
252,T1_vs_T2,70,7,7,Spine4_to_Chest,0.5281,-0.000309,False,decrease
252,T1_vs_T2,all,10,9,252_to_Ab,0.7071,0.00055,False,increase
252,T1_vs_T2,all,10,9,252_to_LThigh,0.9173,-0.001172,False,decrease
252,T1_vs_T2,all,10,9,252_to_RThigh,1.1166,0.013527,True,increase
252,T1_vs_T2,all,10,9,Ab_to_Spine2,0.5351,0.000449,False,increase
252,T1_vs_T2,all,10,9,Chest_to_LShoulder,1.0164,-0.001114,True,decrease
252,T1_vs_T2,all,10,9,Chest_to_Neck,0.7851,0.002292,False,increase
252,T1_vs_T2,all,10,9,Chest_to_RShoulder,0.4703,-0.002486,False,decrease
252,T1_vs_T2,all,10,9,LFArm_to_LHand,0.558,-0.012849,False,decrease
252,T1_vs_T2,all,10,9,LShoulder_to_LUArm,0.9553,-0.011672,False,decrease
252,T1_vs_T2,all,10,9,LUArm_to_LFArm,0.5347,-0.003872,False,decrease
252,T1_vs_T2,all,10,9,Neck2_to_Head,0.7817,0.002299,False,increase
252,T1_vs_T2,all,10,9,Neck_to_Neck2,0.7829,0.002292,False,increase
252,T1_vs_T2,all,10,9,RFArm_to_RHand,1.9454,0.019636,True,increase
252,T1_vs_T2,all,10,9,RShin_to_RFoot,0.7712,-8.1e-05,False,decrease
252,T1_vs_T2,all,10,9,RShoulder_to_RUArm,0.918,-0.009339,False,decrease
252,T1_vs_T2,all,10,9,RThigh_to_RShin,1.256,0.005213,True,increase
252,T1_vs_T2,all,10,9,RUArm_to_RFArm,0.8058,0.000997,False,increase
252,T1_vs_T2,all,10,9,Spine2_to_Spine3,0.5357,0.000452,False,increase
252,T1_vs_T2,all,10,9,Spine3_to_Spine4,0.5356,0.000451,False,increase
252,T1_vs_T2,all,10,9,Spine4_to_Chest,0.5354,0.00045,False,increase
252,T1_vs_T3,50,4,4,252_to_Ab,0.8451,0.001915,False,increase
252,T1_vs_T3,50,4,4,252_to_LThigh,0.7949,0.015966,False,increase
252,T1_vs_T3,50,4,4,252_to_RThigh,7.2393,0.074085,True,increase
252,T1_vs_T3,50,4,4,Ab_to_Spine2,0.7763,0.002307,False,increase
252,T1_vs_T3,50,4,4,Chest_to_LShoulder,1.9015,0.013989,True,increase
252,T1_vs_T3,50,4,4,Chest_to_Neck,0.8868,0.009739,False,increase
252,T1_vs_T3,50,4,4,Chest_to_RShoulder,0.9042,0.010355,False,increase
252,T1_vs_T3,50,4,4,LFArm_to_LHand,0.5621,0.014761,False,increase
252,T1_vs_T3,50,4,4,LShoulder_to_LUArm,3.5104,0.013155,True,increase
252,T1_vs_T3,50,4,4,LUArm_to_LFArm,2.4104,-0.066837,True,decrease
252,T1_vs_T3,50,4,4,Neck2_to_Head,0.894,0.009801,False,increase
252,T1_vs_T3,50,4,4,Neck_to_Neck2,0.8932,0.009786,False,increase
252,T1_vs_T3,50,4,4,RFArm_to_RHand,1.6067,-0.024135,True,decrease
252,T1_vs_T3,50,4,4,RShin_to_RFoot,2.5682,0.021337,True,increase
252,T1_vs_T3,50,4,4,RShoulder_to_RUArm,1.1705,0.011305,True,increase
252,T1_vs_T3,50,4,4,RThigh_to_RShin,4.3986,0.106692,True,increase
252,T1_vs_T3,50,4,4,RUArm_to_RFArm,3.8452,-0.046508,True,decrease
252,T1_vs_T3,50,4,4,Spine2_to_Spine3,0.7769,0.002296,False,increase
252,T1_vs_T3,50,4,4,Spine3_to_Spine4,0.7769,0.002301,False,increase
252,T1_vs_T3,50,4,4,Spine4_to_Chest,0.7767,0.002304,False,increase
252,T1_vs_T3,60,5,5,252_to_Ab,0.9004,0.003359,False,increase
252,T1_vs_T3,60,5,5,252_to_LThigh,0.6558,0.017794,False,increase
252,T1_vs_T3,60,5,5,252_to_RThigh,7.4015,0.07129,True,increase
252,T1_vs_T3,60,5,5,Ab_to_Spine2,0.8066,0.003368,False,increase
252,T1_vs_T3,60,5,5,Chest_to_LShoulder,1.8935,0.012094,True,increase
252,T1_vs_T3,60,5,5,Chest_to_Neck,0.8042,0.010265,False,increase
252,T1_vs_T3,60,5,5,Chest_to_RShoulder,0.8906,0.0122,False,increase
252,T1_vs_T3,60,5,5,LFArm_to_LHand,0.4473,0.014317,False,increase
252,T1_vs_T3,60,5,5,LShoulder_to_LUArm,2.947,0.014003,True,increase
252,T1_vs_T3,60,5,5,LUArm_to_LFArm,2.5814,-0.087539,True,decrease
252,T1_vs_T3,60,5,5,Neck2_to_Head,0.809,0.010306,False,increase
252,T1_vs_T3,60,5,5,Neck_to_Neck2,0.8084,0.010294,False,increase
252,T1_vs_T3,60,5,5,RFArm_to_RHand,1.364,-0.024052,True,decrease
252,T1_vs_T3,60,5,5,RShin_to_RFoot,2.003,0.017595,True,increase
252,T1_vs_T3,60,5,5,RShoulder_to_RUArm,1.1617,0.024291,True,increase
252,T1_vs_T3,60,5,5,RThigh_to_RShin,2.744,0.100232,True,increase
252,T1_vs_T3,60,5,5,RUArm_to_RFArm,3.4074,-0.047667,True,decrease
252,T1_vs_T3,60,5,5,Spine2_to_Spine3,0.8075,0.003361,False,increase
252,T1_vs_T3,60,5,5,Spine3_to_Spine4,0.8073,0.003363,False,increase
252,T1_vs_T3,60,5,5,Spine4_to_Chest,0.807,0.003365,False,increase
252,T1_vs_T3,70,7,7,252_to_Ab,0.9274,0.002023,False,increase
252,T1_vs_T3,70,7,7,252_to_LThigh,0.7016,0.021766,False,increase
252,T1_vs_T3,70,7,7,252_to_RThigh,7.1202,0.056553,True,increase
252,T1_vs_T3,70,7,7,Ab_to_Spine2,0.8875,0.002047,False,increase
252,T1_vs_T3,70,7,7,Chest_to_LShoulder,1.8503,0.014928,True,increase
252,T1_vs_T3,70,7,7,Chest_to_Neck,1.0045,0.010246,True,increase
252,T1_vs_T3,70,7,7,Chest_to_RShoulder,0.8303,0.010828,False,increase
252,T1_vs_T3,70,7,7,LFArm_to_LHand,0.3728,0.014361,False,increase
252,T1_vs_T3,70,7,7,LShoulder_to_LUArm,2.8619,0.034376,True,increase
252,T1_vs_T3,70,7,7,LUArm_to_LFArm,2.2207,-0.107721,True,decrease
252,T1_vs_T3,70,7,7,Neck2_to_Head,1.0073,0.010302,True,increase
252,T1_vs_T3,70,7,7,Neck_to_Neck2,1.007,0.010288,True,increase
252,T1_vs_T3,70,7,7,RFArm_to_RHand,1.1935,-0.022489,True,decrease
252,T1_vs_T3,70,7,7,RShin_to_RFoot,1.9868,0.01206,True,increase
252,T1_vs_T3,70,7,7,RShoulder_to_RUArm,1.1651,0.023919,True,increase
252,T1_vs_T3,70,7,7,RThigh_to_RShin,2.9712,0.085037,True,increase
252,T1_vs_T3,70,7,7,RUArm_to_RFArm,2.8571,-0.03331,True,decrease
252,T1_vs_T3,70,7,7,Spine2_to_Spine3,0.8886,0.002038,False,increase
252,T1_vs_T3,70,7,7,Spine3_to_Spine4,0.8884,0.002042,False,increase
252,T1_vs_T3,70,7,7,Spine4_to_Chest,0.888,0.002044,False,increase
252,T1_vs_T3,all,10,9,252_to_Ab,0.8499,0.001461,False,increase
252,T1_vs_T3,all,10,9,252_to_LThigh,0.7487,0.01585,False,increase
252,T1_vs_T3,all,10,9,252_to_RThigh,3.8715,0.048839,True,increase
252,T1_vs_T3,all,10,9,Ab_to_Spine2,0.7802,0.00149,False,increase
252,T1_vs_T3,all,10,9,Chest_to_LShoulder,1.8094,0.010544,True,increase
252,T1_vs_T3,all,10,9,Chest_to_Neck,0.9355,0.009617,False,increase
252,T1_vs_T3,all,10,9,Chest_to_RShoulder,0.8889,0.007587,False,increase
252,T1_vs_T3,all,10,9,LFArm_to_LHand,0.5187,0.015234,False,increase
252,T1_vs_T3,all,10,9,LShoulder_to_LUArm,2.4749,0.012235,True,increase
252,T1_vs_T3,all,10,9,LUArm_to_LFArm,2.1392,-0.092381,True,decrease
252,T1_vs_T3,all,10,9,Neck2_to_Head,0.9374,0.009661,False,increase
252,T1_vs_T3,all,10,9,Neck_to_Neck2,0.9373,0.009649,False,increase
252,T1_vs_T3,all,10,9,RFArm_to_RHand,1.3935,-0.012018,True,decrease
252,T1_vs_T3,all,10,9,RShin_to_RFoot,2.016,0.0129,True,increase
252,T1_vs_T3,all,10,9,RShoulder_to_RUArm,1.1638,0.012423,True,increase
252,T1_vs_T3,all,10,9,RThigh_to_RShin,2.7731,0.076405,True,increase
252,T1_vs_T3,all,10,9,RUArm_to_RFArm,2.6379,-0.026234,True,decrease
252,T1_vs_T3,all,10,9,Spine2_to_Spine3,0.7807,0.001481,False,increase
252,T1_vs_T3,all,10,9,Spine3_to_Spine4,0.7806,0.001485,False,increase
252,T1_vs_T3,all,10,9,Spine4_to_Chest,0.7804,0.001487,False,increase
651,T1_vs_T2,50,3,3,LFArm_to_LHand,1.7444,0.089792,True,increase
651,T1_vs_T2,50,3,3,LShin_to_LFoot,2.1521,-0.011164,True,decrease
651,T1_vs_T2,50,3,3,LShoulder_to_LUArm,0.2737,-0.013446,False,decrease
651,T1_vs_T2,50,3,3,LThigh_to_LShin,0.9749,-0.038715,False,decrease
651,T1_vs_T2,50,3,3,LUArm_to_LFArm,1.6695,0.052947,True,increase
651,T1_vs_T2,50,3,3,RFArm_to_RHand,5.2129,-0.041231,True,decrease
651,T1_vs_T2,50,3,3,RShin_to_RFoot,2.6268,-0.012561,True,decrease
651,T1_vs_T2,50,3,3,RShoulder_to_RUArm,4.7643,-0.037328,True,decrease
651,T1_vs_T2,50,3,3,RThigh_to_RShin,1.4418,-0.059929,True,decrease
651,T1_vs_T2,50,3,3,RUArm_to_RFArm,1.4161,-0.032715,True,decrease
651,T1_vs_T2,60,4,3,LFArm_to_LHand,1.6616,0.059928,True,increase
651,T1_vs_T2,60,4,3,LShin_to_LFoot,1.9781,-0.007328,True,decrease
651,T1_vs_T2,60,4,3,LShoulder_to_LUArm,0.3004,-0.0087,False,decrease
651,T1_vs_T2,60,4,3,LThigh_to_LShin,1.2834,-0.01709,True,decrease
651,T1_vs_T2,60,4,3,LUArm_to_LFArm,1.7495,0.029123,True,increase
651,T1_vs_T2,60,4,3,RFArm_to_RHand,4.4696,-0.044045,True,decrease
651,T1_vs_T2,60,4,3,RShin_to_RFoot,2.5315,-0.006822,True,decrease
651,T1_vs_T2,60,4,3,RShoulder_to_RUArm,4.3569,-0.028317,True,decrease
651,T1_vs_T2,60,4,3,RThigh_to_RShin,1.6537,-0.030227,True,decrease
651,T1_vs_T2,60,4,3,RUArm_to_RFArm,1.5547,0.00869,True,increase
651,T1_vs_T2,70,4,4,LFArm_to_LHand,1.8478,0.059928,True,increase
651,T1_vs_T2,70,4,4,LShin_to_LFoot,2.1528,-0.007328,True,decrease
651,T1_vs_T2,70,4,4,LShoulder_to_LUArm,0.2816,-0.0087,False,decrease
651,T1_vs_T2,70,4,4,LThigh_to_LShin,1.3359,-0.01709,True,decrease
651,T1_vs_T2,70,4,4,LUArm_to_LFArm,1.5394,0.029123,True,increase
651,T1_vs_T2,70,4,4,RFArm_to_RHand,4.9166,-0.044045,True,decrease
651,T1_vs_T2,70,4,4,RShin_to_RFoot,2.4364,-0.006822,True,decrease
651,T1_vs_T2,70,4,4,RShoulder_to_RUArm,3.9147,-0.028317,True,decrease
651,T1_vs_T2,70,4,4,RThigh_to_RShin,1.8524,-0.030227,True,decrease
651,T1_vs_T2,70,4,4,RUArm_to_RFArm,1.3986,0.00869,True,increase
651,T1_vs_T2,all,6,6,LFArm_to_LHand,1.7558,0.058406,True,increase
651,T1_vs_T2,all,6,6,LShin_to_LFoot,2.0651,-0.006906,True,decrease
651,T1_vs_T2,all,6,6,LShoulder_to_LUArm,0.3243,-0.010026,False,decrease
651,T1_vs_T2,all,6,6,LThigh_to_LShin,1.2004,-0.013116,True,decrease
651,T1_vs_T2,all,6,6,LUArm_to_LFArm,1.3097,0.034407,True,increase
651,T1_vs_T2,all,6,6,RFArm_to_RHand,3.9696,-0.039253,True,decrease
651,T1_vs_T2,all,6,6,RShin_to_RFoot,2.1821,-0.005286,True,decrease
651,T1_vs_T2,all,6,6,RShoulder_to_RUArm,3.3876,-0.033616,True,decrease
651,T1_vs_T2,all,6,6,RThigh_to_RShin,1.6898,-0.025862,True,decrease
651,T1_vs_T2,all,6,6,RUArm_to_RFArm,1.2988,0.000283,True,increase
651,T1_vs_T3,50,3,3,LFArm_to_LHand,0.9103,0.034763,False,increase
651,T1_vs_T3,50,3,3,LShin_to_LFoot,1.6026,-0.009023,True,decrease
651,T1_vs_T3,50,3,3,LShoulder_to_LUArm,1.2121,0.0492,True,increase
651,T1_vs_T3,50,3,3,LUArm_to_LFArm,4.3942,-0.061716,True,decrease
651,T1_vs_T3,50,3,3,RFArm_to_RHand,5.0644,-0.036663,True,decrease
651,T1_vs_T3,50,3,3,RShin_to_RFoot,1.8068,-0.006541,True,decrease
651,T1_vs_T3,50,3,3,RShoulder_to_RUArm,3.0899,-0.001686,True,decrease
651,T1_vs_T3,50,3,3,RThigh_to_RShin,1.0675,0.002333,True,increase
651,T1_vs_T3,50,3,3,RUArm_to_RFArm,2.6786,-0.015918,True,decrease
651,T1_vs_T3,60,3,3,LFArm_to_LHand,0.9103,0.034763,False,increase
651,T1_vs_T3,60,3,3,LShin_to_LFoot,1.6026,-0.009023,True,decrease
651,T1_vs_T3,60,3,3,LShoulder_to_LUArm,1.2121,0.0492,True,increase
651,T1_vs_T3,60,3,3,LUArm_to_LFArm,4.3942,-0.061716,True,decrease
651,T1_vs_T3,60,3,3,RFArm_to_RHand,5.0644,-0.036663,True,decrease
651,T1_vs_T3,60,3,3,RShin_to_RFoot,1.8068,-0.006541,True,decrease
651,T1_vs_T3,60,3,3,RShoulder_to_RUArm,3.0899,-0.001686,True,decrease
651,T1_vs_T3,60,3,3,RThigh_to_RShin,1.0675,0.002333,True,increase
651,T1_vs_T3,60,3,3,RUArm_to_RFArm,2.6786,-0.015918,True,decrease
651,T1_vs_T3,70,4,4,LFArm_to_LHand,0.8718,0.03212,False,increase
651,T1_vs_T3,70,4,4,LShin_to_LFoot,1.7496,-0.0028,True,decrease
651,T1_vs_T3,70,4,4,LShoulder_to_LUArm,1.0183,0.044704,True,increase
651,T1_vs_T3,70,4,4,LUArm_to_LFArm,3.4031,-0.07331,True,decrease
651,T1_vs_T3,70,4,4,RFArm_to_RHand,4.8993,-0.044547,True,decrease
651,T1_vs_T3,70,4,4,RShin_to_RFoot,1.777,-0.000528,True,decrease
651,T1_vs_T3,70,4,4,RShoulder_to_RUArm,2.4959,0.003055,True,increase
651,T1_vs_T3,70,4,4,RThigh_to_RShin,1.2448,0.016933,True,increase
651,T1_vs_T3,70,4,4,RUArm_to_RFArm,2.2459,0.011987,True,increase
651,T1_vs_T3,all,5,6,LFArm_to_LHand,0.8794,0.036243,False,increase
651,T1_vs_T3,all,5,6,LShin_to_LFoot,1.7388,-0.004079,True,decrease
651,T1_vs_T3,all,5,6,LShoulder_to_LUArm,1.0985,0.039195,True,increase
651,T1_vs_T3,all,5,6,LUArm_to_LFArm,2.7867,-0.064685,True,decrease
651,T1_vs_T3,all,5,6,RFArm_to_RHand,4.0823,-0.043118,True,decrease
651,T1_vs_T3,all,5,6,RShin_to_RFoot,1.6209,-0.001812,True,decrease
651,T1_vs_T3,all,5,6,RShoulder_to_RUArm,2.3663,-0.006839,True,decrease
651,T1_vs_T3,all,5,6,RThigh_to_RShin,1.2181,0.021609,True,increase
651,T1_vs_T3,all,5,6,RUArm_to_RFArm,2.0698,0.005978,True,increase
790,T1_vs_T2,50,4,4,790_to_Ab,0.6548,0.002769,False,increase
790,T1_vs_T2,50,4,4,790_to_LThigh,0.8044,0.005785,False,increase
790,T1_vs_T2,50,4,4,790_to_RThigh,0.4432,0.009933,False,increase
790,T1_vs_T2,50,4,4,Ab_to_Spine2,0.688,0.001936,False,increase
790,T1_vs_T2,50,4,4,Chest_to_LShoulder,1.2986,0.014403,True,increase
790,T1_vs_T2,50,4,4,Chest_to_Neck,0.5384,0.007567,False,increase
790,T1_vs_T2,50,4,4,Chest_to_RShoulder,0.692,0.002522,False,increase
790,T1_vs_T2,50,4,4,LFArm_to_LHand,0.207,0.001479,False,increase
790,T1_vs_T2,50,4,4,LShin_to_LFoot,1.311,0.008117,True,increase
790,T1_vs_T2,50,4,4,LShoulder_to_LUArm,0.797,0.001236,False,increase
790,T1_vs_T2,50,4,4,LThigh_to_LShin,0.4342,0.000789,False,increase
790,T1_vs_T2,50,4,4,LUArm_to_LFArm,3.4253,-0.067414,True,decrease
790,T1_vs_T2,50,4,4,Neck2_to_Head,0.5384,0.00755,False,increase
790,T1_vs_T2,50,4,4,Neck_to_Neck2,0.5383,0.007545,False,increase
790,T1_vs_T2,50,4,4,RShin_to_RFoot,0.5676,0.007871,False,increase
790,T1_vs_T2,50,4,4,RShoulder_to_RUArm,0.8033,0.056598,False,increase
790,T1_vs_T2,50,4,4,RThigh_to_RShin,0.76,0.01443,False,increase
790,T1_vs_T2,50,4,4,Spine2_to_Spine3,0.6881,0.001938,False,increase
790,T1_vs_T2,50,4,4,Spine3_to_Spine4,0.6881,0.001935,False,increase
790,T1_vs_T2,50,4,4,Spine4_to_Chest,0.6881,0.001935,False,increase
790,T1_vs_T2,60,5,5,790_to_Ab,0.6394,0.001863,False,increase
790,T1_vs_T2,60,5,5,790_to_LThigh,0.7827,0.010546,False,increase
790,T1_vs_T2,60,5,5,790_to_RThigh,0.457,0.007304,False,increase
790,T1_vs_T2,60,5,5,Ab_to_Spine2,0.6768,0.001431,False,increase
790,T1_vs_T2,60,5,5,Chest_to_LShoulder,0.9915,0.010162,False,increase
790,T1_vs_T2,60,5,5,Chest_to_Neck,0.5357,0.008498,False,increase
790,T1_vs_T2,60,5,5,Chest_to_RShoulder,0.8874,0.009696,False,increase
790,T1_vs_T2,60,5,5,LFArm_to_LHand,0.4183,-0.024132,False,decrease
790,T1_vs_T2,60,5,5,LShin_to_LFoot,1.3835,0.011658,True,increase
790,T1_vs_T2,60,5,5,LShoulder_to_LUArm,0.9251,-0.029158,False,decrease
790,T1_vs_T2,60,5,5,LThigh_to_LShin,0.4627,0.006706,False,increase
790,T1_vs_T2,60,5,5,LUArm_to_LFArm,3.4722,-0.032003,True,decrease
790,T1_vs_T2,60,5,5,Neck2_to_Head,0.5345,0.008472,False,increase
790,T1_vs_T2,60,5,5,Neck_to_Neck2,0.5347,0.008468,False,increase
790,T1_vs_T2,60,5,5,RShin_to_RFoot,0.5314,0.009088,False,increase
790,T1_vs_T2,60,5,5,RShoulder_to_RUArm,0.7727,0.058016,False,increase
790,T1_vs_T2,60,5,5,RThigh_to_RShin,0.8607,0.004132,False,increase
790,T1_vs_T2,60,5,5,Spine2_to_Spine3,0.6766,0.001436,False,increase
790,T1_vs_T2,60,5,5,Spine3_to_Spine4,0.6768,0.001431,False,increase
790,T1_vs_T2,60,5,5,Spine4_to_Chest,0.6768,0.00143,False,increase
790,T1_vs_T2,70,6,6,790_to_Ab,0.6721,0.000719,False,increase
790,T1_vs_T2,70,6,6,790_to_LThigh,0.8073,0.006457,False,increase
790,T1_vs_T2,70,6,6,790_to_RThigh,0.432,0.006689,False,increase
790,T1_vs_T2,70,6,6,Ab_to_Spine2,0.715,0.000312,False,increase
790,T1_vs_T2,70,6,6,Chest_to_LShoulder,1.089,0.016386,True,increase
790,T1_vs_T2,70,6,6,Chest_to_Neck,0.6796,0.006167,False,increase
790,T1_vs_T2,70,6,6,Chest_to_RShoulder,0.9058,0.008108,False,increase
790,T1_vs_T2,70,6,6,LFArm_to_LHand,0.5324,-0.006541,False,decrease
790,T1_vs_T2,70,6,6,LShin_to_LFoot,1.6135,0.007847,True,increase
790,T1_vs_T2,70,6,6,LShoulder_to_LUArm,0.9244,-0.012128,False,decrease
790,T1_vs_T2,70,6,6,LThigh_to_LShin,0.4579,0.007118,False,increase
790,T1_vs_T2,70,6,6,LUArm_to_LFArm,2.1584,-0.04915,True,decrease
790,T1_vs_T2,70,6,6,Neck2_to_Head,0.6785,0.006148,False,increase
790,T1_vs_T2,70,6,6,Neck_to_Neck2,0.6787,0.006145,False,increase
790,T1_vs_T2,70,6,6,RShin_to_RFoot,0.4189,0.008562,False,increase
790,T1_vs_T2,70,6,6,RShoulder_to_RUArm,0.8644,0.04506,False,increase
790,T1_vs_T2,70,6,6,RThigh_to_RShin,0.8533,0.00574,False,increase
790,T1_vs_T2,70,6,6,Spine2_to_Spine3,0.7149,0.000315,False,increase
790,T1_vs_T2,70,6,6,Spine3_to_Spine4,0.7151,0.000312,False,increase
790,T1_vs_T2,70,6,6,Spine4_to_Chest,0.7151,0.000311,False,increase
790,T1_vs_T2,all,8,7,790_to_Ab,0.759,0.001589,False,increase
790,T1_vs_T2,all,8,7,790_to_LThigh,0.7565,0.005777,False,increase
790,T1_vs_T2,all,8,7,790_to_RThigh,0.4238,0.00487,False,increase
790,T1_vs_T2,all,8,7,Ab_to_Spine2,0.8163,0.001161,False,increase
790,T1_vs_T2,all,8,7,Chest_to_LShoulder,1.0208,0.01472,True,increase
790,T1_vs_T2,all,8,7,Chest_to_Neck,0.7337,0.005381,False,increase
790,T1_vs_T2,all,8,7,Chest_to_RShoulder,1.0285,0.003368,True,increase
790,T1_vs_T2,all,8,7,LFArm_to_LHand,0.5205,-2.8e-05,False,decrease
790,T1_vs_T2,all,8,7,LShin_to_LFoot,1.8772,0.009306,True,increase
790,T1_vs_T2,all,8,7,LShoulder_to_LUArm,0.9321,-0.024057,False,decrease
790,T1_vs_T2,all,8,7,LThigh_to_LShin,0.4781,0.002386,False,increase
790,T1_vs_T2,all,8,7,LUArm_to_LFArm,2.0041,-0.02288,True,decrease
790,T1_vs_T2,all,8,7,Neck2_to_Head,0.732,0.005372,False,increase
790,T1_vs_T2,all,8,7,Neck_to_Neck2,0.7324,0.005367,False,increase
790,T1_vs_T2,all,8,7,RShin_to_RFoot,0.4278,0.007803,False,increase
790,T1_vs_T2,all,8,7,RShoulder_to_RUArm,0.9718,0.025096,False,increase
790,T1_vs_T2,all,8,7,RThigh_to_RShin,0.8151,0.004614,False,increase
790,T1_vs_T2,all,8,7,Spine2_to_Spine3,0.8161,0.001165,False,increase
790,T1_vs_T2,all,8,7,Spine3_to_Spine4,0.8163,0.001162,False,increase
790,T1_vs_T2,all,8,7,Spine4_to_Chest,0.8163,0.001161,False,increase
790,T1_vs_T3,50,4,4,790_to_Ab,0.7117,-0.000407,False,decrease
790,T1_vs_T3,50,4,4,790_to_LThigh,0.3044,-0.000959,False,decrease
790,T1_vs_T3,50,4,4,790_to_RThigh,0.3194,-0.005477,False,decrease
790,T1_vs_T3,50,4,4,Chest_to_LShoulder,1.0037,0.010766,True,increase
790,T1_vs_T3,50,4,4,Chest_to_Neck,0.8003,-0.003037,False,decrease
790,T1_vs_T3,50,4,4,Chest_to_RShoulder,0.6509,0.006554,False,increase
790,T1_vs_T3,50,4,4,LFArm_to_LHand,0.3741,0.022411,False,increase
790,T1_vs_T3,50,4,4,LShin_to_LFoot,0.7587,0.000381,False,increase
790,T1_vs_T3,50,4,4,LShoulder_to_LUArm,0.3904,0.030349,False,increase
790,T1_vs_T3,50,4,4,LThigh_to_LShin,0.2654,-0.011504,False,decrease
790,T1_vs_T3,50,4,4,LUArm_to_LFArm,2.246,-0.046226,True,decrease
790,T1_vs_T3,50,4,4,Neck2_to_Head,0.7993,-0.002999,False,decrease
790,T1_vs_T3,50,4,4,Neck_to_Neck2,0.7994,-0.003007,False,decrease
790,T1_vs_T3,50,4,4,RShin_to_RFoot,0.4385,-0.009132,False,decrease
790,T1_vs_T3,50,4,4,RShoulder_to_RUArm,0.418,0.043749,False,increase
790,T1_vs_T3,50,4,4,RThigh_to_RShin,0.4045,0.010282,False,increase
790,T1_vs_T3,50,4,4,Spine3_to_Spine4,0.7893,-0.001052,False,decrease
790,T1_vs_T3,50,4,4,Spine4_to_Chest,0.7893,-0.00105,False,decrease
790,T1_vs_T3,60,5,5,790_to_Ab,0.7027,-0.001544,False,decrease
790,T1_vs_T3,60,5,5,790_to_LThigh,0.422,0.01199,False,increase
790,T1_vs_T3,60,5,5,790_to_RThigh,0.3542,-0.009135,False,decrease
790,T1_vs_T3,60,5,5,Chest_to_LShoulder,0.8173,0.005557,False,increase
790,T1_vs_T3,60,5,5,Chest_to_Neck,0.7524,-0.003724,False,decrease
790,T1_vs_T3,60,5,5,Chest_to_RShoulder,0.5767,0.007424,False,increase
790,T1_vs_T3,60,5,5,LFArm_to_LHand,0.5572,-0.003001,False,decrease
790,T1_vs_T3,60,5,5,LShin_to_LFoot,0.7722,-0.001339,False,decrease
790,T1_vs_T3,60,5,5,LShoulder_to_LUArm,0.383,0.033234,False,increase
790,T1_vs_T3,60,5,5,LThigh_to_LShin,0.4012,0.005751,False,increase
790,T1_vs_T3,60,5,5,LUArm_to_LFArm,1.9108,-0.040021,True,decrease
790,T1_vs_T3,60,5,5,Neck2_to_Head,0.7514,-0.003701,False,decrease
790,T1_vs_T3,60,5,5,Neck_to_Neck2,0.7514,-0.003703,False,decrease
790,T1_vs_T3,60,5,5,RShin_to_RFoot,0.5939,-0.003694,False,decrease
790,T1_vs_T3,60,5,5,RShoulder_to_RUArm,0.4091,0.045337,False,increase
790,T1_vs_T3,60,5,5,RThigh_to_RShin,0.4658,0.004032,False,increase
790,T1_vs_T3,60,5,5,Spine3_to_Spine4,0.8299,-0.002522,False,decrease
790,T1_vs_T3,60,5,5,Spine4_to_Chest,0.83,-0.002522,False,decrease
790,T1_vs_T3,70,6,6,790_to_Ab,0.7133,-0.002286,False,decrease
790,T1_vs_T3,70,6,6,790_to_LThigh,0.4199,0.011188,False,increase
790,T1_vs_T3,70,6,6,790_to_RThigh,0.3672,-0.006188,False,decrease
790,T1_vs_T3,70,6,6,Chest_to_LShoulder,0.922,0.011675,False,increase
790,T1_vs_T3,70,6,6,Chest_to_Neck,0.9612,-0.007108,False,decrease
790,T1_vs_T3,70,6,6,Chest_to_RShoulder,0.705,0.003589,False,increase
790,T1_vs_T3,70,6,6,LFArm_to_LHand,0.5451,0.00145,False,increase
790,T1_vs_T3,70,6,6,LShin_to_LFoot,0.819,-0.002461,False,decrease
790,T1_vs_T3,70,6,6,LShoulder_to_LUArm,0.3895,0.041581,False,increase
790,T1_vs_T3,70,6,6,LThigh_to_LShin,0.4095,0.00757,False,increase
790,T1_vs_T3,70,6,6,LUArm_to_LFArm,1.2028,-0.029334,True,decrease
790,T1_vs_T3,70,6,6,Neck2_to_Head,0.9613,-0.007091,False,decrease
790,T1_vs_T3,70,6,6,Neck_to_Neck2,0.9609,-0.007087,False,decrease
790,T1_vs_T3,70,6,6,RShin_to_RFoot,0.5009,-0.005339,False,decrease
790,T1_vs_T3,70,6,6,RShoulder_to_RUArm,0.5953,0.021296,False,increase
790,T1_vs_T3,70,6,6,RThigh_to_RShin,0.54,0.012875,False,increase
790,T1_vs_T3,70,6,6,Spine3_to_Spine4,0.8486,-0.003407,False,decrease
790,T1_vs_T3,70,6,6,Spine4_to_Chest,0.8487,-0.003407,False,decrease
790,T1_vs_T3,all,8,7,790_to_Ab,0.8468,-0.000262,False,decrease
790,T1_vs_T3,all,8,7,790_to_LThigh,0.433,0.012478,False,increase
790,T1_vs_T3,all,8,7,790_to_RThigh,0.3718,-0.006424,False,decrease
790,T1_vs_T3,all,8,7,Chest_to_LShoulder,0.8922,0.008966,False,increase
790,T1_vs_T3,all,8,7,Chest_to_Neck,1.1887,-0.004031,True,decrease
790,T1_vs_T3,all,8,7,Chest_to_RShoulder,0.7739,0.004924,False,increase
790,T1_vs_T3,all,8,7,LFArm_to_LHand,0.604,0.008304,False,increase
790,T1_vs_T3,all,8,7,LShin_to_LFoot,1.3478,0.001322,True,increase
790,T1_vs_T3,all,8,7,LShoulder_to_LUArm,0.408,0.028673,False,increase
790,T1_vs_T3,all,8,7,LThigh_to_LShin,0.3861,0.007498,False,increase
790,T1_vs_T3,all,8,7,LUArm_to_LFArm,1.3148,-0.035218,True,decrease
790,T1_vs_T3,all,8,7,Neck2_to_Head,1.1874,-0.004013,True,decrease
790,T1_vs_T3,all,8,7,Neck_to_Neck2,1.1874,-0.004013,True,decrease
790,T1_vs_T3,all,8,7,RShin_to_RFoot,0.5485,-0.003458,False,decrease
790,T1_vs_T3,all,8,7,RShoulder_to_RUArm,0.5805,0.026412,False,increase
790,T1_vs_T3,all,8,7,RThigh_to_RShin,0.5617,0.008385,False,increase
790,T1_vs_T3,all,8,7,Spine3_to_Spine4,1.0268,-0.001018,True,decrease
790,T1_vs_T3,all,8,7,Spine4_to_Chest,1.027,-0.001018,True,decrease
