participant,group,mode,n_bootstrap_supported,n_exceed_nv_T2,mean_ratio_T2,n_exceed_nv_T3,mean_ratio_T3,total_links_exceeding_nv,mean_effect_ratio,consistent_across_timepoints
252,ex11_single,single,0,16,1.742,13,1.743,29,1.742,True
252,ex10_15_contiguous,single,0,13,1.268,14,1.636,27,1.452,True
252,ex09_10_contiguous,single,0,15,1.81,11,1.871,26,1.841,True
252,ex10_14_contiguous,pooled,0,13,1.639,13,1.813,26,1.726,True
252,ex10_13_contiguous,single,0,14,1.256,12,1.33,26,1.293,True
252,ex11_15_contiguous,single,0,11,1.168,14,1.386,25,1.277,True
252,ex09_single,single,0,12,1.485,12,1.645,24,1.565,True
252,ex12_14_contiguous,single,0,15,1.612,9,1.346,24,1.479,True
252,ex15_single,single,0,10,1.295,14,1.493,24,1.394,True
252,ex10_15_contiguous,pooled,0,8,1.265,15,2.054,23,1.659,True
252,ex12_14_contiguous,pooled,0,10,1.255,13,1.629,23,1.442,True
252,ex10_13_contiguous,pooled,0,8,1.225,15,1.615,23,1.42,True
252,ex11_14_contiguous,pooled,0,10,1.209,13,1.617,23,1.413,True
252,ex11_14_contiguous,single,0,11,1.26,12,1.377,23,1.319,True
252,ex09_14_contiguous,single,0,10,1.223,13,1.357,23,1.29,True
252,ex11_12_contiguous,single,0,12,1.183,11,1.393,23,1.288,True
252,ex09_12_contiguous,single,0,11,1.187,12,1.385,23,1.286,True
252,ex12_15_contiguous,single,0,11,1.216,12,1.201,23,1.209,True
252,ex09_10_contiguous,pooled,0,9,1.095,13,2.428,22,1.761,True
252,ex10_14_contiguous,single,0,10,1.587,12,1.652,22,1.619,True
252,ex13_14_contiguous,pooled,0,10,1.409,12,1.534,22,1.471,True
252,ex09_11_contiguous,single,0,10,1.398,12,1.539,22,1.469,True
252,ex09_11_contiguous,pooled,0,8,1.135,14,1.8,22,1.468,True
252,ex10_12_contiguous,single,0,6,1.052,16,1.87,22,1.461,True
252,ex12_15_contiguous,pooled,0,8,1.177,14,1.338,22,1.258,True
252,ex09_14_contiguous,pooled,0,9,1.168,12,1.455,21,1.311,True
252,ex14_single,single,0,8,1.07,13,1.471,21,1.27,True
252,ex12_single,single,0,10,1.075,11,1.095,21,1.085,True
252,ex09_13_contiguous,pooled,0,7,1.099,13,1.615,20,1.357,True
252,ex14_single,pooled,0,10,1.369,10,1.264,20,1.316,True
252,ex09_15_contiguous,single,0,9,1.19,11,1.29,20,1.24,True
252,ex13_14_contiguous,single,0,11,1.366,8,1.224,19,1.295,True
252,ex15_single,pooled,2,11,1.332,8,1.149,19,1.241,True
252,ex11_13_contiguous,single,0,9,1.031,10,1.191,19,1.111,True
252,ex10_11_contiguous,pooled,0,7,1.02,10,1.663,17,1.341,True
252,ex09_13_contiguous,single,0,7,1.068,10,1.312,17,1.19,True
252,ex11_15_contiguous,pooled,0,6,0.984,11,1.357,17,1.171,True
252,ex13_15_contiguous,single,0,6,0.974,11,1.088,17,1.031,True
252,ex10_single,pooled,0,6,1.316,10,2.346,16,1.831,True
252,ex10_11_contiguous,single,0,7,1.105,9,1.335,16,1.22,True
252,ex13_single,pooled,0,7,0.998,9,1.151,16,1.075,True
252,ex13_single,single,0,8,1.068,8,1.041,16,1.055,True
252,ex12_13_contiguous,single,0,6,0.985,10,1.123,16,1.054,True
252,ex14_15_contiguous,single,0,8,1.024,8,1.005,16,1.015,True
252,ex13_15_contiguous,pooled,0,7,0.941,9,1.081,16,1.011,True
252,ex10_12_contiguous,pooled,0,5,0.988,10,1.675,15,1.332,True
252,ex09_12_contiguous,pooled,0,5,0.943,10,1.364,15,1.154,True
252,ex11_single,pooled,0,5,1.05,9,1.662,14,1.356,True
252,ex09_15_contiguous,pooled,0,5,1.011,9,1.293,14,1.152,True
252,ex11_13_contiguous,pooled,0,6,1.005,7,1.128,13,1.067,True
252,ex14_15_contiguous,pooled,0,4,0.821,7,1.079,11,0.95,True
252,ex09_single,pooled,0,4,0.861,6,1.093,10,0.977,True
252,ex12_single,pooled,0,7,0.999,3,0.861,10,0.93,True
252,ex12_13_contiguous,pooled,0,5,0.89,5,0.927,10,0.908,True
252,ex11_12_contiguous,pooled,0,2,0.78,6,1.289,8,1.034,True
252,ex10_single,single,0,3,0.827,5,0.868,8,0.848,True
671,ex11_single,pooled,0,12,2.746,14,3.695,26,3.22,True
671,ex12_15_contiguous,single,0,14,2.453,12,2.171,26,2.312,True
671,ex11_12_contiguous,single,0,13,1.367,13,1.781,26,1.574,True
671,ex11_single,single,0,11,1.542,13,3.444,24,2.493,True
671,ex12_15_contiguous,pooled,0,12,2.548,12,1.938,24,2.243,True
671,ex10_15_contiguous,pooled,0,12,1.722,12,1.627,24,1.674,True
671,ex10_15_contiguous,single,0,12,1.532,12,1.764,24,1.648,True
671,ex15_single,pooled,0,13,1.578,11,1.305,24,1.442,True
671,ex11_15_contiguous,single,0,12,1.365,12,1.507,24,1.436,True
671,ex12_14_contiguous,pooled,0,12,1.99,11,1.745,23,1.868,True
671,ex12_14_contiguous,single,0,12,1.635,11,1.797,23,1.716,True
671,ex11_15_contiguous,pooled,0,12,1.689,11,1.513,23,1.601,True
671,ex10_12_contiguous,single,0,13,1.487,10,1.506,23,1.497,True
671,ex11_13_contiguous,pooled,0,9,1.235,14,1.553,23,1.394,True
671,ex10_13_contiguous,pooled,0,10,1.722,12,2.048,22,1.885,True
671,ex10_12_contiguous,pooled,0,9,1.432,13,2.249,22,1.84,True
671,ex15_single,single,0,11,1.483,11,1.732,22,1.607,True
671,ex09_15_contiguous,single,0,8,1.334,14,1.768,22,1.551,True
671,ex11_12_contiguous,pooled,0,9,1.753,12,2.081,21,1.917,True
671,ex10_13_contiguous,single,0,10,1.373,11,1.376,21,1.374,True
671,ex14_15_contiguous,pooled,0,10,1.602,10,1.736,20,1.669,True
671,ex11_14_contiguous,single,0,9,1.427,11,1.757,20,1.592,True
671,ex13_15_contiguous,single,0,11,1.313,9,1.349,20,1.331,True
671,ex13_14_contiguous,pooled,0,11,1.973,8,1.353,19,1.663,True
671,ex09_15_contiguous,pooled,0,8,1.328,11,1.668,19,1.498,True
671,ex11_14_contiguous,pooled,0,9,1.283,10,1.581,19,1.432,True
671,ex09_11_contiguous,pooled,0,9,1.113,10,1.696,19,1.405,True
671,ex09_11_contiguous,single,0,10,1.343,9,1.449,19,1.396,True
671,ex14_single,single,0,9,1.458,10,1.236,19,1.347,True
671,ex14_15_contiguous,single,0,9,1.365,9,1.511,18,1.438,True
671,ex13_15_contiguous,pooled,0,10,1.382,8,1.268,18,1.325,True
671,ex12_13_contiguous,single,0,8,1.321,10,1.152,18,1.237,True
671,ex12_13_contiguous,pooled,0,10,1.227,8,1.177,18,1.202,True
671,ex09_14_contiguous,pooled,0,9,1.273,8,1.108,17,1.191,True
671,ex10_single,pooled,0,6,1.367,9,1.295,15,1.331,True
671,ex14_single,pooled,0,7,1.227,8,1.3,15,1.264,True
671,ex10_single,single,0,5,1.194,10,1.222,15,1.208,True
671,ex09_10_contiguous,single,0,9,1.153,6,1.242,15,1.197,True
671,ex09_single,pooled,0,7,1.55,7,1.711,14,1.631,True
671,ex13_14_contiguous,single,0,9,1.278,5,1.21,14,1.244,True
671,ex09_12_contiguous,pooled,0,5,0.902,9,1.205,14,1.053,True
671,ex09_14_contiguous,single,0,7,1.021,7,1.059,14,1.04,True
671,ex09_10_contiguous,pooled,0,9,1.659,4,0.911,13,1.285,True
671,ex11_13_contiguous,single,0,6,1.063,7,1.238,13,1.15,True
671,ex10_11_contiguous,single,0,7,1.211,6,1.052,13,1.131,True
671,ex10_14_contiguous,pooled,0,6,1.026,7,1.175,13,1.1,True
671,ex12_single,single,0,6,0.997,7,1.057,13,1.027,True
671,ex13_single,pooled,0,8,1.074,5,0.952,13,1.013,True
671,ex10_11_contiguous,pooled,0,5,1.022,7,1.104,12,1.063,True
671,ex09_13_contiguous,pooled,0,6,1.053,6,1.002,12,1.027,True
671,ex12_single,pooled,0,7,1.183,5,0.864,12,1.024,True
671,ex09_13_contiguous,single,0,7,1.122,4,0.896,11,1.009,True
671,ex10_14_contiguous,single,0,6,0.909,5,1.056,11,0.982,True
671,ex09_12_contiguous,single,0,5,0.919,5,1.014,10,0.966,True
671,ex13_single,single,0,0,0.738,10,1.119,10,0.929,False
671,ex09_single,single,0,5,1.054,4,0.799,9,0.927,True
