participant,link_id,long_signed_T2,long_signed_T3,tier_T2,tier_T3,a2_T2,a2_T3,sign_agreement,persistence
671,671_to_Ab,0.008269,0.012913,S2,S2,True,True,True,persistent
671,671_to_LThigh,0.027263,0.034134,S2,S2,True,True,True,persistent
671,671_to_RThigh,0.013793,0.026762,S2,S2,True,True,True,persistent
671,Chest_to_LShoulder,-0.000289,-0.006152,S0,S1,False,False,True,none
671,Chest_to_Neck,0.004717,0.001345,S1,S0,False,False,True,none
671,Chest_to_RShoulder,-0.001439,-0.013957,S0,S1,False,False,True,none
671,LFArm_to_LHand,0.073962,0.072153,S2,S2,True,True,True,persistent
671,LShin_to_LFoot,0.011783,0.008036,S2,S2,True,True,True,persistent
671,LShoulder_to_LUArm,0.018026,0.031927,S1,S2,False,True,True,emergent_T3
671,LThigh_to_LShin,0.01643,0.030577,S2,S2,True,True,True,persistent
671,LUArm_to_LFArm,-0.061495,0.009249,S2,S1,True,False,False,transient_T2
671,Neck_to_Head,0.004717,0.001345,S1,S0,False,False,True,none
671,RFArm_to_RHand,-0.005472,-0.074223,S0,S2,False,True,True,emergent_T3
671,RShin_to_RFoot,9.6e-05,-0.000221,S0,S0,False,False,False,none
671,RShoulder_to_RUArm,0.005927,-0.023761,S0,S0,False,False,False,none
671,RThigh_to_RShin,-0.001725,0.018418,S0,S2,False,True,False,emergent_T3
671,RUArm_to_RFArm,-0.006712,0.034188,S0,S0,False,False,False,none
252,252_to_Ab,0.002675,-0.001039,S1,S1,False,False,False,none
252,252_to_LThigh,0.006459,0.008873,S0,S0,False,False,True,none
252,252_to_RThigh,0.001213,0.020756,S0,S2,False,True,True,emergent_T3
252,Ab_to_Spine2,0.001165,-0.002063,S1,S1,False,False,False,none
252,Chest_to_LShoulder,-0.002934,0.003257,S2,S2,True,True,False,sign_flip
252,Chest_to_Neck,0.003772,0.004769,S1,S2,False,True,True,emergent_T3
252,Chest_to_RShoulder,-0.000656,0.001628,S0,S0,False,False,False,none
252,LFArm_to_LHand,-0.029157,-0.017841,S2,S1,True,False,True,transient_T2
252,LShoulder_to_LUArm,-0.003362,0.017694,S1,S2,False,True,False,emergent_T3
252,LUArm_to_LFArm,-0.0097,-0.074751,S0,S2,False,True,True,emergent_T3
252,Neck2_to_Head,0.003771,0.004837,S1,S2,False,True,True,emergent_T3
252,Neck_to_Neck2,0.003764,0.004812,S1,S2,False,True,True,emergent_T3
252,RFArm_to_RHand,0.007673,-0.016154,S2,S2,True,True,False,sign_flip
252,RShin_to_RFoot,-0.00209,0.012224,S0,S2,False,True,False,emergent_T3
252,RShoulder_to_RUArm,0.005369,0.020613,S0,S2,False,True,True,emergent_T3
252,RThigh_to_RShin,-0.002005,0.052289,S0,S2,False,True,False,emergent_T3
252,RUArm_to_RFArm,-0.007415,-0.06444,S0,S2,False,True,True,emergent_T3
252,Spine2_to_Spine3,0.001168,-0.002075,S1,S1,False,False,False,none
252,Spine3_to_Spine4,0.001167,-0.00207,S1,S1,False,False,False,none
252,Spine4_to_Chest,0.001166,-0.002067,S1,S1,False,False,False,none
651,LFArm_to_LHand,0.062507,0.034205,S2,S0,True,False,True,transient_T2
651,LShin_to_LFoot,-0.008033,-0.007151,S0,S0,False,False,True,none
651,LShoulder_to_LUArm,-0.025173,0.0285,S1,S2,False,True,False,emergent_T3
651,LThigh_to_LShin,-0.004371,0.01533,S0,S2,False,True,False,emergent_T3
651,LUArm_to_LFArm,0.035538,-0.002597,S2,S0,True,False,False,transient_T2
651,RFArm_to_RHand,-0.022604,-0.000703,S0,S0,False,False,True,none
651,RShin_to_RFoot,0.004086,0.011924,S1,S1,False,False,True,none
651,RShoulder_to_RUArm,-0.036104,0.007167,S2,S1,True,False,False,transient_T2
651,RThigh_to_RShin,-0.01988,-4.8e-05,S2,S0,True,False,True,transient_T2
651,RUArm_to_RFArm,0.03338,0.021792,S0,S0,False,False,True,none
790,790_to_Ab,-0.002839,-0.000887,S0,S0,False,False,True,none
790,790_to_LThigh,-0.018068,0.0026,S2,S0,True,False,False,transient_T2
790,790_to_RThigh,-0.021972,-0.009924,S2,S0,True,False,True,transient_T2
790,Chest_to_LShoulder,0.008999,0.000345,S0,S0,False,False,True,none
790,Chest_to_Neck,3.3e-05,0.000602,S0,S0,False,False,True,none
790,Chest_to_RShoulder,0.010635,0.003612,S2,S0,True,False,True,transient_T2
790,LFArm_to_LHand,0.01062,0.032449,S2,S2,True,True,True,persistent
790,LShin_to_LFoot,0.000215,-0.000708,S0,S0,False,False,False,none
790,LShoulder_to_LUArm,0.015075,-0.001903,S2,S0,True,False,False,transient_T2
790,LThigh_to_LShin,0.001512,0.031012,S0,S2,False,True,True,emergent_T3
790,LUArm_to_LFArm,-0.018367,-0.038915,S0,S2,False,True,True,emergent_T3
790,Neck2_to_Head,-1e-05,0.000581,S0,S0,False,False,False,none
790,Neck_to_Neck2,-1e-06,0.000585,S0,S0,False,False,False,none
790,RShin_to_RFoot,0.004228,0.000573,S2,S0,True,False,True,transient_T2
790,RShoulder_to_RUArm,0.017226,0.006536,S0,S0,False,False,True,none
790,RThigh_to_RShin,-0.024688,-0.01459,S2,S0,True,False,True,transient_T2
790,Spine3_to_Spine4,-0.001156,2.7e-05,S0,S0,False,False,False,none
790,Spine4_to_Chest,-0.001156,2.7e-05,S0,S0,False,False,False,none
