participant,comparison_id,reference_timepoint,target_timepoint,repetition_mode,exercise_window,link_id,parent_joint,child_joint,canonical_link_name,region_id,region_label,space,interpretation,validation_strength,persistent,long_jcvpca_mean,long_jcvpca_abs_mean,nv_jcvpca_abs_mean,nv_signed_t1,nv_source,nv_comparison_id,effect_ratio_vs_nv,exceeds_nv,a2_pass,magnitude_exceed,sign_reference_stable,nv_profile_tier,nv_profile_tier_base,selected_m,coverage_band,rep_pass,display_category,avatar_color_category
252,252_T1_vs_T2,T1,T2,matched_single_R1,ex09_13_contiguous,252_to_Ab,252,Ab,252->Ab,other,other,combined,Matched single-rep A2/S-tier from marker-gap ex09_13 run; descriptive only — not a treatment effect.,A2 matched single-rep (Step 8),False,0.002675,0.002675,0.000111,-0.000111,T1_R1 vs T1_R2 matched single-rep floor,252_T1_R1vsR2,23.9539,False,False,True,False,S1,S1,0,adequate,False,within_nv,neutral
252,252_T1_vs_T2,T1,T2,matched_single_R1,ex09_13_contiguous,252_to_LThigh,252,LThigh,252->LThigh,left_leg,Left leg,combined,Matched single-rep A2/S-tier from marker-gap ex09_13 run; descriptive only — not a treatment effect.,A2 matched single-rep (Step 8),False,0.006459,0.006459,0.014862,-0.014862,T1_R1 vs T1_R2 matched single-rep floor,252_T1_R1vsR2,0.4346,False,False,False,True,S0,S0,0,adequate,False,within_nv,neutral
252,252_T1_vs_T2,T1,T2,matched_single_R1,ex09_13_contiguous,252_to_RThigh,252,RThigh,252->RThigh,right_leg,Right leg,combined,Matched single-rep A2/S-tier from marker-gap ex09_13 run; descriptive only — not a treatment effect.,A2 matched single-rep (Step 8),False,0.001213,0.001213,0.012813,-0.012813,T1_R1 vs T1_R2 matched single-rep floor,252_T1_R1vsR2,0.0946,False,False,False,True,S0,S0,0,adequate,False,within_nv,neutral
252,252_T1_vs_T2,T1,T2,matched_single_R1,ex09_13_contiguous,Ab_to_Spine2,Ab,Spine2,Ab->Spine2,trunk_spine,Trunk / Spine,combined,Matched single-rep A2/S-tier from marker-gap ex09_13 run; descriptive only — not a treatment effect.,A2 matched single-rep (Step 8),False,0.001165,0.001165,0.000461,-0.000461,T1_R1 vs T1_R2 matched single-rep floor,252_T1_R1vsR2,2.5231,False,False,True,False,S1,S1,0,adequate,False,within_nv,neutral
252,252_T1_vs_T2,T1,T2,matched_single_R1,ex09_13_contiguous,Chest_to_LShoulder,Chest,LShoulder,Chest->LShoulder,left_arm,Left arm,combined,Matched single-rep A2/S-tier from marker-gap ex09_13 run; descriptive only — not a treatment effect.,A2 matched single-rep (Step 8),False,-0.002934,0.002934,0.001408,-0.001408,T1_R1 vs T1_R2 matched single-rep floor,252_T1_R1vsR2,2.082,True,True,True,True,S2,S2,0,adequate,False,a2_increase,a2_pass
252,252_T1_vs_T2,T1,T2,matched_single_R1,ex09_13_contiguous,Chest_to_Neck,Chest,Neck,Chest->Neck,head_neck,Head / Neck,combined,Matched single-rep A2/S-tier from marker-gap ex09_13 run; descriptive only — not a treatment effect.,A2 matched single-rep (Step 8),False,0.003772,0.003772,0.000761,0.000761,T1_R1 vs T1_R2 matched single-rep floor,252_T1_R1vsR2,4.9486,False,False,True,False,S1,S1,0,adequate,False,within_nv,neutral
252,252_T1_vs_T2,T1,T2,matched_single_R1,ex09_13_contiguous,Chest_to_RShoulder,Chest,RShoulder,Chest->RShoulder,right_arm,Right arm,combined,Matched single-rep A2/S-tier from marker-gap ex09_13 run; descriptive only — not a treatment effect.,A2 matched single-rep (Step 8),False,-0.000656,0.000656,0.007521,0.007521,T1_R1 vs T1_R2 matched single-rep floor,252_T1_R1vsR2,0.0872,False,False,False,True,S0,S0,0,adequate,False,within_nv,neutral
252,252_T1_vs_T2,T1,T2,matched_single_R1,ex09_13_contiguous,LFArm_to_LHand,LFArm,LHand,LFArm->LHand,left_arm,Left arm,combined,Matched single-rep A2/S-tier from marker-gap ex09_13 run; descriptive only — not a treatment effect.,A2 matched single-rep (Step 8),False,-0.029157,0.029157,0.017145,0.017145,T1_R1 vs T1_R2 matched single-rep floor,252_T1_R1vsR2,1.7006,True,True,True,True,S2,S2,0,adequate,False,a2_increase,a2_pass
252,252_T1_vs_T2,T1,T2,matched_single_R1,ex09_13_contiguous,LShin_to_LFoot,LShin,LFoot,LShin->LFoot,left_leg,Left leg,combined,Matched single-rep A2/S-tier from marker-gap ex09_13 run; descriptive only — not a treatment effect.,A2 matched single-rep (Step 8),False,,,,,T1_R1 vs T1_R2 matched single-rep floor,252_T1_R1vsR2,,False,False,False,False,untested,untested,0,,False,within_nv,neutral
252,252_T1_vs_T2,T1,T2,matched_single_R1,ex09_13_contiguous,LShoulder_to_LUArm,LShoulder,LUArm,LShoulder->LUArm,left_arm,Left arm,combined,Matched single-rep A2/S-tier from marker-gap ex09_13 run; descriptive only — not a treatment effect.,A2 matched single-rep (Step 8),False,-0.003362,0.003362,0.000463,-0.000463,T1_R1 vs T1_R2 matched single-rep floor,252_T1_R1vsR2,7.2374,False,False,True,False,S1,S1,0,adequate,False,within_nv,neutral
252,252_T1_vs_T2,T1,T2,matched_single_R1,ex09_13_contiguous,LThigh_to_LShin,LThigh,LShin,LThigh->LShin,left_leg,Left leg,combined,Matched single-rep A2/S-tier from marker-gap ex09_13 run; descriptive only — not a treatment effect.,A2 matched single-rep (Step 8),False,,,,,T1_R1 vs T1_R2 matched single-rep floor,252_T1_R1vsR2,,False,False,False,False,untested,untested,0,,False,within_nv,neutral
252,252_T1_vs_T2,T1,T2,matched_single_R1,ex09_13_contiguous,LUArm_to_LFArm,LUArm,LFArm,LUArm->LFArm,left_arm,Left arm,combined,Matched single-rep A2/S-tier from marker-gap ex09_13 run; descriptive only — not a treatment effect.,A2 matched single-rep (Step 8),False,-0.0097,0.0097,0.028614,-0.028614,T1_R1 vs T1_R2 matched single-rep floor,252_T1_R1vsR2,0.339,False,False,False,False,S0,S0,0,adequate,False,within_nv,neutral
252,252_T1_vs_T2,T1,T2,matched_single_R1,ex09_13_contiguous,Neck2_to_Head,Neck2,Head,Neck2->Head,head_neck,Head / Neck,combined,Matched single-rep A2/S-tier from marker-gap ex09_13 run; descriptive only — not a treatment effect.,A2 matched single-rep (Step 8),False,0.003771,0.003771,0.000794,0.000794,T1_R1 vs T1_R2 matched single-rep floor,252_T1_R1vsR2,4.7422,False,False,True,False,S1,S1,0,adequate,False,within_nv,neutral
252,252_T1_vs_T2,T1,T2,matched_single_R1,ex09_13_contiguous,Neck_to_Neck2,Neck,Neck2,Neck->Neck2,other,other,combined,Matched single-rep A2/S-tier from marker-gap ex09_13 run; descriptive only — not a treatment effect.,A2 matched single-rep (Step 8),False,0.003764,0.003764,0.000779,0.000779,T1_R1 vs T1_R2 matched single-rep floor,252_T1_R1vsR2,4.8227,False,False,True,False,S1,S1,0,adequate,False,within_nv,neutral
252,252_T1_vs_T2,T1,T2,matched_single_R1,ex09_13_contiguous,RFArm_to_RHand,RFArm,RHand,RFArm->RHand,right_arm,Right arm,combined,Matched single-rep A2/S-tier from marker-gap ex09_13 run; descriptive only — not a treatment effect.,A2 matched single-rep (Step 8),False,0.007673,0.007673,0.007616,0.007616,T1_R1 vs T1_R2 matched single-rep floor,252_T1_R1vsR2,1.0073,True,True,True,True,S2,S2,0,adequate,False,a2_increase,a2_pass
252,252_T1_vs_T2,T1,T2,matched_single_R1,ex09_13_contiguous,RShin_to_RFoot,RShin,RFoot,RShin->RFoot,right_leg,Right leg,combined,Matched single-rep A2/S-tier from marker-gap ex09_13 run; descriptive only — not a treatment effect.,A2 matched single-rep (Step 8),False,-0.00209,0.00209,0.003758,-0.003758,T1_R1 vs T1_R2 matched single-rep floor,252_T1_R1vsR2,0.5562,False,False,False,True,S0,S0,0,adequate,False,within_nv,neutral
252,252_T1_vs_T2,T1,T2,matched_single_R1,ex09_13_contiguous,RShoulder_to_RUArm,RShoulder,RUArm,RShoulder->RUArm,right_arm,Right arm,combined,Matched single-rep A2/S-tier from marker-gap ex09_13 run; descriptive only — not a treatment effect.,A2 matched single-rep (Step 8),False,0.005369,0.005369,0.009571,-0.009571,T1_R1 vs T1_R2 matched single-rep floor,252_T1_R1vsR2,0.5609,False,False,False,False,S0,S0,0,adequate,False,within_nv,neutral
252,252_T1_vs_T2,T1,T2,matched_single_R1,ex09_13_contiguous,RThigh_to_RShin,RThigh,RShin,RThigh->RShin,right_leg,Right leg,combined,Matched single-rep A2/S-tier from marker-gap ex09_13 run; descriptive only — not a treatment effect.,A2 matched single-rep (Step 8),False,-0.002005,0.002005,0.011071,-0.011071,T1_R1 vs T1_R2 matched single-rep floor,252_T1_R1vsR2,0.1811,False,False,False,False,S0,S0,0,adequate,False,within_nv,neutral
252,252_T1_vs_T2,T1,T2,matched_single_R1,ex09_13_contiguous,RUArm_to_RFArm,RUArm,RFArm,RUArm->RFArm,right_arm,Right arm,combined,Matched single-rep A2/S-tier from marker-gap ex09_13 run; descriptive only — not a treatment effect.,A2 matched single-rep (Step 8),False,-0.007415,0.007415,0.009302,-0.009302,T1_R1 vs T1_R2 matched single-rep floor,252_T1_R1vsR2,0.797,False,False,False,False,S0,S0,0,adequate,False,within_nv,neutral
252,252_T1_vs_T2,T1,T2,matched_single_R1,ex09_13_contiguous,Spine2_to_Spine3,Spine2,Spine3,Spine2->Spine3,trunk_spine,Trunk / Spine,combined,Matched single-rep A2/S-tier from marker-gap ex09_13 run; descriptive only — not a treatment effect.,A2 matched single-rep (Step 8),False,0.001168,0.001168,0.000458,-0.000458,T1_R1 vs T1_R2 matched single-rep floor,252_T1_R1vsR2,2.5433,False,False,True,False,S1,S1,0,adequate,False,within_nv,neutral
252,252_T1_vs_T2,T1,T2,matched_single_R1,ex09_13_contiguous,Spine3_to_Spine4,Spine3,Spine4,Spine3->Spine4,trunk_spine,Trunk / Spine,combined,Matched single-rep A2/S-tier from marker-gap ex09_13 run; descriptive only — not a treatment effect.,A2 matched single-rep (Step 8),False,0.001167,0.001167,0.00046,-0.00046,T1_R1 vs T1_R2 matched single-rep floor,252_T1_R1vsR2,2.5293,False,False,True,False,S1,S1,0,adequate,False,within_nv,neutral
252,252_T1_vs_T2,T1,T2,matched_single_R1,ex09_13_contiguous,Spine4_to_Chest,Spine4,Chest,Spine4->Chest,trunk_spine,Trunk / Spine,combined,Matched single-rep A2/S-tier from marker-gap ex09_13 run; descriptive only — not a treatment effect.,A2 matched single-rep (Step 8),False,0.001166,0.001166,0.000461,-0.000461,T1_R1 vs T1_R2 matched single-rep floor,252_T1_R1vsR2,2.5249,False,False,True,False,S1,S1,0,adequate,False,within_nv,neutral
