participant,session_id,T_R,link_stem,n_markers,markers
790,790_T1_P1_R1,T1_R1,790_to_Ab,0,
790,790_T1_P1_R1,T1_R1,790_to_LThigh,2,790:LFTC; 790:LIAS
790,790_T1_P1_R1,T1_R1,790_to_RThigh,2,790:RFTC; 790:RTH
790,790_T1_P1_R1,T1_R1,Ab_to_Spine2,3,790:LIPS; 790:RIAS; 790:RIPS
790,790_T1_P1_R1,T1_R1,Chest_to_LShoulder,2,790:SXS; 790:TV7
790,790_T1_P1_R1,T1_R1,Chest_to_Neck,3,790:SJN; 790:SXS; 790:TV7
790,790_T1_P1_R1,T1_R1,Chest_to_RShoulder,3,790:SXS; 790:TV2; 790:TV7
790,790_T1_P1_R1,T1_R1,LFArm_to_LHand,2,790:LHLE; 790:LUSP
790,790_T1_P1_R1,T1_R1,LShin_to_LFoot,7,790:LFAL; 790:LFAX; 790:LFCC; 790:LFLE; 790:LSK; 790:LTH; 790:LTTC
790,790_T1_P1_R1,T1_R1,LShoulder_to_LUArm,3,790:LCAJ; 790:LHGT; 790:LUA
790,790_T1_P1_R1,T1_R1,LThigh_to_LShin,6,790:LFAX; 790:LFLE; 790:LFTC; 790:LIAS; 790:LTH; 790:LTTC
790,790_T1_P1_R1,T1_R1,LUArm_to_LFArm,4,790:LCAJ; 790:LHGT; 790:LHLE; 790:LUA
790,790_T1_P1_R1,T1_R1,Neck2_to_Head,5,790:CV7; 790:LAH; 790:LPH; 790:RAH; 790:RPH
790,790_T1_P1_R1,T1_R1,Neck_to_Neck2,2,790:CV7; 790:SJN
790,790_T1_P1_R1,T1_R1,RFArm_to_RHand,3,790:RHLE; 790:RRSP; 790:RUSP
790,790_T1_P1_R1,T1_R1,RShin_to_RFoot,6,790:RFAL; 790:RFAX; 790:RFCC; 790:RFLE; 790:RSK; 790:RTTC
790,790_T1_P1_R1,T1_R1,RShoulder_to_RUArm,4,790:RCAJ; 790:RHGT; 790:RUA; 790:TV2
790,790_T1_P1_R1,T1_R1,RThigh_to_RShin,5,790:RFAX; 790:RFLE; 790:RFTC; 790:RTH; 790:RTTC
790,790_T1_P1_R1,T1_R1,RUArm_to_RFArm,4,790:RCAJ; 790:RHGT; 790:RHLE; 790:RUA
790,790_T1_P1_R1,T1_R1,Spine2_to_Spine3,3,790:LIPS; 790:RIAS; 790:RIPS
790,790_T1_P1_R1,T1_R1,Spine3_to_Spine4,0,
790,790_T1_P1_R1,T1_R1,Spine4_to_Chest,2,790:SXS; 790:TV7
790,790_T1_P1_R2,T1_R2,790_to_Ab,0,
790,790_T1_P1_R2,T1_R2,790_to_LThigh,2,790:LFTC; 790:LIAS
790,790_T1_P1_R2,T1_R2,790_to_RThigh,3,790:RFTC; 790:RIAS; 790:RTH
790,790_T1_P1_R2,T1_R2,Ab_to_Spine2,2,790:LIPS; 790:RIPS
790,790_T1_P1_R2,T1_R2,Chest_to_LShoulder,1,790:TV7
790,790_T1_P1_R2,T1_R2,Chest_to_Neck,2,790:SJN; 790:TV7
790,790_T1_P1_R2,T1_R2,Chest_to_RShoulder,2,790:TV2; 790:TV7
790,790_T1_P1_R2,T1_R2,LFArm_to_LHand,1,790:LHLE
790,790_T1_P1_R2,T1_R2,LShin_to_LFoot,7,790:LFAL; 790:LFAX; 790:LFCC; 790:LFLE; 790:LSK; 790:LTH; 790:LTTC
790,790_T1_P1_R2,T1_R2,LShoulder_to_LUArm,3,790:LCAJ; 790:LHGT; 790:LUA
790,790_T1_P1_R2,T1_R2,LThigh_to_LShin,6,790:LFAX; 790:LFLE; 790:LFTC; 790:LIAS; 790:LTH; 790:LTTC
790,790_T1_P1_R2,T1_R2,LUArm_to_LFArm,4,790:LCAJ; 790:LHGT; 790:LHLE; 790:LUA
790,790_T1_P1_R2,T1_R2,Neck2_to_Head,5,790:CV7; 790:LAH; 790:LPH; 790:RAH; 790:RPH
790,790_T1_P1_R2,T1_R2,Neck_to_Neck2,2,790:CV7; 790:SJN
790,790_T1_P1_R2,T1_R2,RFArm_to_RHand,4,790:RHLE; 790:RHME; 790:RRSP; 790:RUSP
790,790_T1_P1_R2,T1_R2,RShin_to_RFoot,6,790:RFAL; 790:RFAX; 790:RFCC; 790:RFLE; 790:RSK; 790:RTTC
790,790_T1_P1_R2,T1_R2,RShoulder_to_RUArm,4,790:RCAJ; 790:RHGT; 790:RUA; 790:TV2
790,790_T1_P1_R2,T1_R2,RThigh_to_RShin,6,790:RFAX; 790:RFLE; 790:RFTC; 790:RIAS; 790:RTH; 790:RTTC
790,790_T1_P1_R2,T1_R2,RUArm_to_RFArm,5,790:RCAJ; 790:RHGT; 790:RHLE; 790:RHME; 790:RUA
790,790_T1_P1_R2,T1_R2,Spine2_to_Spine3,2,790:LIPS; 790:RIPS
790,790_T1_P1_R2,T1_R2,Spine3_to_Spine4,0,
790,790_T1_P1_R2,T1_R2,Spine4_to_Chest,1,790:TV7
790,790_T2_P1_R1,T2_R1,790_to_Ab,0,
790,790_T2_P1_R1,T2_R1,790_to_LThigh,1,790:LFTC
790,790_T2_P1_R1,T2_R1,790_to_RThigh,2,790:RFTC; 790:RTH
790,790_T2_P1_R1,T2_R1,Ab_to_Spine2,4,790:LIAS; 790:LIPS; 790:RIAS; 790:RIPS
790,790_T2_P1_R1,T2_R1,Chest_to_LShoulder,2,790:SXS; 790:TV7
790,790_T2_P1_R1,T2_R1,Chest_to_Neck,4,790:CV7; 790:SJN; 790:SXS; 790:TV7
790,790_T2_P1_R1,T2_R1,Chest_to_RShoulder,3,790:SXS; 790:TV2; 790:TV7
790,790_T2_P1_R1,T2_R1,LFArm_to_LHand,2,790:LHLE; 790:LUSP
790,790_T2_P1_R1,T2_R1,LShin_to_LFoot,7,790:LFAL; 790:LFAX; 790:LFCC; 790:LFLE; 790:LSK; 790:LTH; 790:LTTC
790,790_T2_P1_R1,T2_R1,LShoulder_to_LUArm,3,790:LCAJ; 790:LHGT; 790:LUA
790,790_T2_P1_R1,T2_R1,LThigh_to_LShin,6,790:LFAX; 790:LFLE; 790:LFTC; 790:LSK; 790:LTH; 790:LTTC
790,790_T2_P1_R1,T2_R1,LUArm_to_LFArm,4,790:LCAJ; 790:LHGT; 790:LHLE; 790:LUA
790,790_T2_P1_R1,T2_R1,Neck2_to_Head,4,790:LAH; 790:LPH; 790:RAH; 790:RPH
790,790_T2_P1_R1,T2_R1,Neck_to_Neck2,2,790:CV7; 790:SJN
790,790_T2_P1_R1,T2_R1,RFArm_to_RHand,4,790:RHLE; 790:RRSP; 790:RUA; 790:RUSP
790,790_T2_P1_R1,T2_R1,RShin_to_RFoot,5,790:RFAL; 790:RFAX; 790:RFCC; 790:RFLE; 790:RSK
790,790_T2_P1_R1,T2_R1,RShoulder_to_RUArm,3,790:RCAJ; 790:RHGT; 790:TV2
790,790_T2_P1_R1,T2_R1,RThigh_to_RShin,4,790:RFAX; 790:RFLE; 790:RFTC; 790:RTH
790,790_T2_P1_R1,T2_R1,RUArm_to_RFArm,4,790:RCAJ; 790:RHGT; 790:RHLE; 790:RUA
790,790_T2_P1_R1,T2_R1,Spine2_to_Spine3,4,790:LIAS; 790:LIPS; 790:RIAS; 790:RIPS
790,790_T2_P1_R1,T2_R1,Spine3_to_Spine4,0,
790,790_T2_P1_R1,T2_R1,Spine4_to_Chest,2,790:SXS; 790:TV7
790,790_T2_P1_R2,T2_R2,790_to_Ab,0,
790,790_T2_P1_R2,T2_R2,790_to_LThigh,1,790:LFTC
790,790_T2_P1_R2,T2_R2,790_to_RThigh,2,790:RFTC; 790:RTH
790,790_T2_P1_R2,T2_R2,Ab_to_Spine2,4,790:LIAS; 790:LIPS; 790:RIAS; 790:RIPS
790,790_T2_P1_R2,T2_R2,Chest_to_LShoulder,3,790:SXS; 790:TV2; 790:TV7
790,790_T2_P1_R2,T2_R2,Chest_to_Neck,3,790:SJN; 790:SXS; 790:TV7
790,790_T2_P1_R2,T2_R2,Chest_to_RShoulder,2,790:SXS; 790:TV7
790,790_T2_P1_R2,T2_R2,LFArm_to_LHand,2,790:LHLE; 790:LUSP
790,790_T2_P1_R2,T2_R2,LShin_to_LFoot,7,790:LFAL; 790:LFAX; 790:LFCC; 790:LFLE; 790:LSK; 790:LTH; 790:LTTC
790,790_T2_P1_R2,T2_R2,LShoulder_to_LUArm,4,790:LCAJ; 790:LHGT; 790:LUA; 790:TV2
790,790_T2_P1_R2,T2_R2,LThigh_to_LShin,6,790:LFAX; 790:LFLE; 790:LFTC; 790:LSK; 790:LTH; 790:LTTC
790,790_T2_P1_R2,T2_R2,LUArm_to_LFArm,4,790:LCAJ; 790:LHGT; 790:LHLE; 790:LUA
790,790_T2_P1_R2,T2_R2,Neck2_to_Head,5,790:CV7; 790:LAH; 790:LPH; 790:RAH; 790:RPH
790,790_T2_P1_R2,T2_R2,Neck_to_Neck2,2,790:CV7; 790:SJN
790,790_T2_P1_R2,T2_R2,RFArm_to_RHand,3,790:RHLE; 790:RRSP; 790:RUSP
790,790_T2_P1_R2,T2_R2,RShin_to_RFoot,5,790:RFAL; 790:RFAX; 790:RFCC; 790:RFLE; 790:RSK
790,790_T2_P1_R2,T2_R2,RShoulder_to_RUArm,3,790:RCAJ; 790:RHGT; 790:RUA
790,790_T2_P1_R2,T2_R2,RThigh_to_RShin,4,790:RFAX; 790:RFLE; 790:RFTC; 790:RTH
790,790_T2_P1_R2,T2_R2,RUArm_to_RFArm,4,790:RCAJ; 790:RHGT; 790:RHLE; 790:RUA
790,790_T2_P1_R2,T2_R2,Spine2_to_Spine3,4,790:LIAS; 790:LIPS; 790:RIAS; 790:RIPS
790,790_T2_P1_R2,T2_R2,Spine3_to_Spine4,0,
790,790_T2_P1_R2,T2_R2,Spine4_to_Chest,2,790:SXS; 790:TV7
790,790_T3_P1_R1,T3_R1,790_to_Ab,1,790:LIPS
790,790_T3_P1_R1,T3_R1,790_to_LThigh,2,790:LFTC; 790:LIAS
790,790_T3_P1_R1,T3_R1,790_to_RThigh,3,790:RFTC; 790:RIAS; 790:RTH
790,790_T3_P1_R1,T3_R1,Ab_to_Spine2,2,790:LIPS; 790:RIPS
790,790_T3_P1_R1,T3_R1,Chest_to_LShoulder,4,790:SJN; 790:SXS; 790:TV2; 790:TV7
790,790_T3_P1_R1,T3_R1,Chest_to_Neck,4,790:CV7; 790:SJN; 790:SXS; 790:TV7
790,790_T3_P1_R1,T3_R1,Chest_to_RShoulder,3,790:SJN; 790:SXS; 790:TV7
790,790_T3_P1_R1,T3_R1,LFArm_to_LHand,1,790:LHLE
790,790_T3_P1_R1,T3_R1,LShin_to_LFoot,7,790:LFAL; 790:LFAX; 790:LFCC; 790:LFLE; 790:LSK; 790:LTH; 790:LTTC
790,790_T3_P1_R1,T3_R1,LShoulder_to_LUArm,4,790:LCAJ; 790:LHGT; 790:LUA; 790:TV2
790,790_T3_P1_R1,T3_R1,LThigh_to_LShin,7,790:LFAX; 790:LFLE; 790:LFTC; 790:LIAS; 790:LSK; 790:LTH; 790:LTTC
790,790_T3_P1_R1,T3_R1,LUArm_to_LFArm,4,790:LCAJ; 790:LHGT; 790:LHLE; 790:LUA
790,790_T3_P1_R1,T3_R1,Neck2_to_Head,4,790:LAH; 790:LPH; 790:RAH; 790:RPH
790,790_T3_P1_R1,T3_R1,Neck_to_Neck2,1,790:CV7
790,790_T3_P1_R1,T3_R1,RFArm_to_RHand,3,790:RHLE; 790:RRSP; 790:RUSP
790,790_T3_P1_R1,T3_R1,RShin_to_RFoot,6,790:RFAL; 790:RFAX; 790:RFCC; 790:RFLE; 790:RSK; 790:RTTC
790,790_T3_P1_R1,T3_R1,RShoulder_to_RUArm,3,790:RCAJ; 790:RHGT; 790:RUA
790,790_T3_P1_R1,T3_R1,RThigh_to_RShin,6,790:RFAX; 790:RFLE; 790:RFTC; 790:RIAS; 790:RTH; 790:RTTC
790,790_T3_P1_R1,T3_R1,RUArm_to_RFArm,4,790:RCAJ; 790:RHGT; 790:RHLE; 790:RUA
790,790_T3_P1_R1,T3_R1,Spine2_to_Spine3,1,790:RIPS
790,790_T3_P1_R1,T3_R1,Spine3_to_Spine4,0,
790,790_T3_P1_R1,T3_R1,Spine4_to_Chest,3,790:SJN; 790:SXS; 790:TV7
790,790_T3_P1_R2,T3_R2,790_to_Ab,1,790:LIPS
790,790_T3_P1_R2,T3_R2,790_to_LThigh,2,790:LFTC; 790:LIAS
790,790_T3_P1_R2,T3_R2,790_to_RThigh,3,790:RFTC; 790:RIAS; 790:RTH
790,790_T3_P1_R2,T3_R2,Ab_to_Spine2,2,790:LIPS; 790:RIPS
790,790_T3_P1_R2,T3_R2,Chest_to_LShoulder,4,790:SJN; 790:SXS; 790:TV2; 790:TV7
790,790_T3_P1_R2,T3_R2,Chest_to_Neck,4,790:CV7; 790:SJN; 790:SXS; 790:TV7
790,790_T3_P1_R2,T3_R2,Chest_to_RShoulder,3,790:SJN; 790:SXS; 790:TV7
790,790_T3_P1_R2,T3_R2,LFArm_to_LHand,1,790:LHLE
790,790_T3_P1_R2,T3_R2,LShin_to_LFoot,7,790:LFAL; 790:LFAX; 790:LFCC; 790:LFLE; 790:LSK; 790:LTH; 790:LTTC
790,790_T3_P1_R2,T3_R2,LShoulder_to_LUArm,4,790:LCAJ; 790:LHGT; 790:LUA; 790:TV2
790,790_T3_P1_R2,T3_R2,LThigh_to_LShin,7,790:LFAX; 790:LFLE; 790:LFTC; 790:LIAS; 790:LSK; 790:LTH; 790:LTTC
790,790_T3_P1_R2,T3_R2,LUArm_to_LFArm,4,790:LCAJ; 790:LHGT; 790:LHLE; 790:LUA
790,790_T3_P1_R2,T3_R2,Neck2_to_Head,4,790:LAH; 790:LPH; 790:RAH; 790:RPH
790,790_T3_P1_R2,T3_R2,Neck_to_Neck2,1,790:CV7
790,790_T3_P1_R2,T3_R2,RFArm_to_RHand,3,790:RHLE; 790:RRSP; 790:RUSP
790,790_T3_P1_R2,T3_R2,RShin_to_RFoot,6,790:RFAL; 790:RFAX; 790:RFCC; 790:RFLE; 790:RSK; 790:RTTC
790,790_T3_P1_R2,T3_R2,RShoulder_to_RUArm,3,790:RCAJ; 790:RHGT; 790:RUA
790,790_T3_P1_R2,T3_R2,RThigh_to_RShin,6,790:RFAX; 790:RFLE; 790:RFTC; 790:RIAS; 790:RTH; 790:RTTC
790,790_T3_P1_R2,T3_R2,RUArm_to_RFArm,4,790:RCAJ; 790:RHGT; 790:RHLE; 790:RUA
790,790_T3_P1_R2,T3_R2,Spine2_to_Spine3,1,790:RIPS
790,790_T3_P1_R2,T3_R2,Spine3_to_Spine4,0,
790,790_T3_P1_R2,T3_R2,Spine4_to_Chest,3,790:SJN; 790:SXS; 790:TV7
