participant,comparison_id,comparison_kind,timepoint,aggregation_level,a_label,b_label,n_rows_a,n_rows_b,selected_m,coverage_abs,coverage_rel,coverage_band,b_top_m_evr
671,671_T1_R1_to_R2_ex09,natural_variability,T1,single_exercise,671_T1_R1,671_T1_R2,960,1080,3,0.5419,0.7439,limited,0.7285
671,671_T1_R2_to_R1_ex09,natural_variability,T1,single_exercise,671_T1_R2,671_T1_R1,1080,960,4,0.7792,0.8793,adequate,0.8862
671,671_T1_R1_to_R2_ex10,natural_variability,T1,single_exercise,671_T1_R1,671_T1_R2,1200,1320,4,0.6572,0.7798,adequate,0.8427
671,671_T1_R2_to_R1_ex10,natural_variability,T1,single_exercise,671_T1_R2,671_T1_R1,1320,1200,4,0.6374,0.7362,limited,0.8658
671,671_T1_R1_to_R2_ex11,natural_variability,T1,single_exercise,671_T1_R1,671_T1_R2,1440,1320,5,0.6175,0.8025,adequate,0.7695
671,671_T1_R2_to_R1_ex11,natural_variability,T1,single_exercise,671_T1_R2,671_T1_R1,1320,1440,6,0.7606,0.869,adequate,0.8752
671,671_T1_R1_to_R2_ex12,natural_variability,T1,single_exercise,671_T1_R1,671_T1_R2,1200,1080,6,0.6697,0.7705,adequate,0.8691
671,671_T1_R2_to_R1_ex12,natural_variability,T1,single_exercise,671_T1_R2,671_T1_R1,1080,1200,5,0.4578,0.6056,limited,0.7559
671,671_T1_R1_to_R2_ex13,natural_variability,T1,single_exercise,671_T1_R1,671_T1_R2,1440,1560,7,0.4956,0.6499,limited,0.7626
671,671_T1_R2_to_R1_ex13,natural_variability,T1,single_exercise,671_T1_R2,671_T1_R1,1560,1440,8,0.6137,0.7185,limited,0.8543
671,671_T1_R1_to_R2_ex09_13,natural_variability,T1,ex09_13_protocol_reference,671_T1_R1,671_T1_R2,6240,6360,8,0.71,0.9,adequate,0.7889
671,671_T1_R2_to_R1_ex09_13,natural_variability,T1,ex09_13_protocol_reference,671_T1_R2,671_T1_R1,6360,6240,9,0.7669,0.9188,adequate,0.8347
671,671_T1_R1_to_R2_ex11_13,natural_variability,T1,ex11_13_aggregate,671_T1_R1,671_T1_R2,4080,3960,8,0.6708,0.8487,adequate,0.7905
671,671_T1_R2_to_R1_ex11_13,natural_variability,T1,ex11_13_aggregate,671_T1_R2,671_T1_R1,3960,4080,9,0.7334,0.8802,adequate,0.8333
671,671_T1_R1_to_R2_ex11_12,natural_variability,T1,leave_one_exercise_out,671_T1_R1,671_T1_R2,2640,2400,7,0.6997,0.858,adequate,0.8154
671,671_T1_R1_to_R2_ex12_13,natural_variability,T1,leave_one_exercise_out,671_T1_R1,671_T1_R2,2640,2640,8,0.6219,0.7875,adequate,0.7897
671,671_T2_R1_to_R2_ex09,natural_variability,T2,single_exercise,671_T2_R1,671_T2_R2,1080,1080,3,0.3305,0.4379,severe,0.7546
671,671_T2_R2_to_R1_ex09,natural_variability,T2,single_exercise,671_T2_R2,671_T2_R1,1080,1080,4,0.5077,0.5454,limited,0.931
671,671_T2_R1_to_R2_ex10,natural_variability,T2,single_exercise,671_T2_R1,671_T2_R2,1320,1320,4,0.4949,0.6094,limited,0.8122
671,671_T2_R2_to_R1_ex10,natural_variability,T2,single_exercise,671_T2_R2,671_T2_R1,1320,1320,4,0.5416,0.6564,limited,0.8252
671,671_T2_R1_to_R2_ex11,natural_variability,T2,single_exercise,671_T2_R1,671_T2_R2,1320,1200,5,0.5718,0.715,limited,0.7997
671,671_T2_R2_to_R1_ex11,natural_variability,T2,single_exercise,671_T2_R2,671_T2_R1,1200,1320,6,0.6812,0.7629,adequate,0.8929
671,671_T2_R1_to_R2_ex12,natural_variability,T2,single_exercise,671_T2_R1,671_T2_R2,1080,1200,6,0.5548,0.6898,limited,0.8044
671,671_T2_R2_to_R1_ex12,natural_variability,T2,single_exercise,671_T2_R2,671_T2_R1,1200,1080,6,0.5624,0.6993,limited,0.8042
671,671_T2_R1_to_R2_ex13,natural_variability,T2,single_exercise,671_T2_R1,671_T2_R2,1560,2040,7,0.5441,0.7075,limited,0.7691
671,671_T2_R2_to_R1_ex13,natural_variability,T2,single_exercise,671_T2_R2,671_T2_R1,2040,1560,8,0.6223,0.7471,limited,0.833
671,671_T2_R1_to_R2_ex09_13,natural_variability,T2,ex09_13_protocol_reference,671_T2_R1,671_T2_R2,6360,6840,8,0.7014,0.8971,adequate,0.7818
671,671_T2_R2_to_R1_ex09_13,natural_variability,T2,ex09_13_protocol_reference,671_T2_R2,671_T2_R1,6840,6360,9,0.7638,0.9079,adequate,0.8413
671,671_T2_R1_to_R2_ex11_13,natural_variability,T2,ex11_13_aggregate,671_T2_R1,671_T2_R2,3960,4440,9,0.7071,0.8704,adequate,0.8124
671,671_T2_R2_to_R1_ex11_13,natural_variability,T2,ex11_13_aggregate,671_T2_R2,671_T2_R1,4440,3960,9,0.7157,0.8658,adequate,0.8266
671,671_T2_R1_to_R2_ex11_12,natural_variability,T2,leave_one_exercise_out,671_T2_R1,671_T2_R2,2400,2400,7,0.6826,0.8423,adequate,0.8104
671,671_T2_R1_to_R2_ex12_13,natural_variability,T2,leave_one_exercise_out,671_T2_R1,671_T2_R2,2640,3240,9,0.6727,0.8279,adequate,0.8126
671,671_T3_R1_to_R2_ex09,natural_variability,T3,single_exercise,671_T3_R1,671_T3_R2,1320,1200,3,0.4571,0.6121,limited,0.7468
671,671_T3_R2_to_R1_ex09,natural_variability,T3,single_exercise,671_T3_R2,671_T3_R1,1200,1320,4,0.5614,0.6255,limited,0.8975
671,671_T3_R1_to_R2_ex10,natural_variability,T3,single_exercise,671_T3_R1,671_T3_R2,1200,1200,5,0.5921,0.6617,limited,0.8949
671,671_T3_R2_to_R1_ex10,natural_variability,T3,single_exercise,671_T3_R2,671_T3_R1,1200,1200,4,0.4758,0.6081,limited,0.7825
671,671_T3_R1_to_R2_ex11,natural_variability,T3,single_exercise,671_T3_R1,671_T3_R2,1200,1200,6,0.5356,0.5822,limited,0.92
671,671_T3_R2_to_R1_ex11,natural_variability,T3,single_exercise,671_T3_R2,671_T3_R1,1200,1200,4,0.2986,0.4352,severe,0.6861
671,671_T3_R1_to_R2_ex12,natural_variability,T3,single_exercise,671_T3_R1,671_T3_R2,1200,960,6,0.5303,0.6144,limited,0.863
671,671_T3_R2_to_R1_ex12,natural_variability,T3,single_exercise,671_T3_R2,671_T3_R1,960,1200,5,0.4474,0.5733,limited,0.7803
671,671_T3_R1_to_R2_ex13,natural_variability,T3,single_exercise,671_T3_R1,671_T3_R2,1680,2280,7,0.58,0.753,adequate,0.7703
671,671_T3_R2_to_R1_ex13,natural_variability,T3,single_exercise,671_T3_R2,671_T3_R1,2280,1680,8,0.6326,0.7442,limited,0.8501
671,671_T3_R1_to_R2_ex09_13,natural_variability,T3,ex09_13_protocol_reference,671_T3_R1,671_T3_R2,6600,6840,8,0.6683,0.8221,adequate,0.8129
671,671_T3_R2_to_R1_ex09_13,natural_variability,T3,ex09_13_protocol_reference,671_T3_R2,671_T3_R1,6840,6600,8,0.6074,0.7417,limited,0.8189
671,671_T3_R1_to_R2_ex11_13,natural_variability,T3,ex11_13_aggregate,671_T3_R1,671_T3_R2,4080,4440,8,0.6502,0.8055,adequate,0.8073
671,671_T3_R2_to_R1_ex11_13,natural_variability,T3,ex11_13_aggregate,671_T3_R2,671_T3_R1,4440,4080,8,0.62,0.7691,adequate,0.8062
671,671_T3_R1_to_R2_ex11_12,natural_variability,T3,leave_one_exercise_out,671_T3_R1,671_T3_R2,2400,2160,7,0.5594,0.643,limited,0.87
671,671_T3_R1_to_R2_ex12_13,natural_variability,T3,leave_one_exercise_out,671_T3_R1,671_T3_R2,2880,3240,8,0.6365,0.8017,adequate,0.794
671,671_T1_vs_T2_single_R1,longitudinal_single,T2,ex09_13_matched_single,671_T1_R1,671_T2_R1,6240,6360,8,0.6545,0.8056,adequate,0.8125
671,671_T1_vs_T3_single_R1,longitudinal_single,T3,ex09_13_matched_single,671_T1_R1,671_T3_R1,6240,6600,8,0.5709,0.6972,limited,0.8189
252,252_T1_R1_to_R2_ex09,natural_variability,T1,single_exercise,252_T1_R1,252_T1_R2,1080,1080,5,0.8693,0.9411,adequate,0.9237
252,252_T1_R2_to_R1_ex09,natural_variability,T1,single_exercise,252_T1_R2,252_T1_R1,1080,1080,4,0.7317,0.9314,adequate,0.7855
252,252_T1_R1_to_R2_ex10,natural_variability,T1,single_exercise,252_T1_R1,252_T1_R2,1320,1320,4,0.7409,0.918,adequate,0.8071
252,252_T1_R2_to_R1_ex10,natural_variability,T1,single_exercise,252_T1_R2,252_T1_R1,1320,1320,4,0.7347,0.905,adequate,0.8118
252,252_T1_R1_to_R2_ex11,natural_variability,T1,single_exercise,252_T1_R1,252_T1_R2,1320,1200,6,0.6749,0.7914,adequate,0.8528
252,252_T1_R2_to_R1_ex11,natural_variability,T1,single_exercise,252_T1_R2,252_T1_R1,1200,1320,5,0.6344,0.8359,adequate,0.759
252,252_T1_R1_to_R2_ex12,natural_variability,T1,single_exercise,252_T1_R1,252_T1_R2,1080,954,6,0.5957,0.6903,limited,0.8629
252,252_T1_R2_to_R1_ex12,natural_variability,T1,single_exercise,252_T1_R2,252_T1_R1,954,1080,5,0.539,0.7052,limited,0.7643
252,252_T1_R1_to_R2_ex13,natural_variability,T1,single_exercise,252_T1_R1,252_T1_R2,1320,2040,8,0.6301,0.7893,adequate,0.7982
252,252_T1_R2_to_R1_ex13,natural_variability,T1,single_exercise,252_T1_R2,252_T1_R1,2040,1320,9,0.6604,0.7847,adequate,0.8417
252,252_T1_R1_to_R2_ex09_13,natural_variability,T1,ex09_13_protocol_reference,252_T1_R1,252_T1_R2,6120,6594,10,0.7781,0.9343,adequate,0.8328
252,252_T1_R2_to_R1_ex09_13,natural_variability,T1,ex09_13_protocol_reference,252_T1_R2,252_T1_R1,6594,6120,9,0.7312,0.9275,adequate,0.7884
252,252_T1_R1_to_R2_ex11_13,natural_variability,T1,ex11_13_aggregate,252_T1_R1,252_T1_R2,3720,4194,10,0.7579,0.9085,adequate,0.8343
252,252_T1_R2_to_R1_ex11_13,natural_variability,T1,ex11_13_aggregate,252_T1_R2,252_T1_R1,4194,3720,9,0.7008,0.8832,adequate,0.7935
252,252_T1_R1_to_R2_ex11_12,natural_variability,T1,leave_one_exercise_out,252_T1_R1,252_T1_R2,2400,2154,7,0.7218,0.8526,adequate,0.8466
252,252_T1_R1_to_R2_ex12_13,natural_variability,T1,leave_one_exercise_out,252_T1_R1,252_T1_R2,2400,2994,9,0.6857,0.8427,adequate,0.8136
252,252_T2_R1_to_R2_ex09,natural_variability,T2,single_exercise,252_T2_R1,252_T2_R2,960,1080,3,0.5402,0.6749,limited,0.8004
252,252_T2_R2_to_R1_ex09,natural_variability,T2,single_exercise,252_T2_R2,252_T2_R1,1080,960,3,0.5458,0.6735,limited,0.8103
252,252_T2_R1_to_R2_ex10,natural_variability,T2,single_exercise,252_T2_R1,252_T2_R2,1440,1320,4,0.4809,0.6001,limited,0.8013
252,252_T2_R2_to_R1_ex10,natural_variability,T2,single_exercise,252_T2_R2,252_T2_R1,1320,1440,4,0.4678,0.576,limited,0.8123
252,252_T2_R1_to_R2_ex11,natural_variability,T2,single_exercise,252_T2_R1,252_T2_R2,1320,1080,5,0.5415,0.6946,limited,0.7797
252,252_T2_R2_to_R1_ex11,natural_variability,T2,single_exercise,252_T2_R2,252_T2_R1,1080,1320,6,0.6422,0.7453,limited,0.8617
252,252_T2_R1_to_R2_ex12,natural_variability,T2,single_exercise,252_T2_R1,252_T2_R2,1080,1080,4,0.5412,0.6966,limited,0.777
252,252_T2_R2_to_R1_ex12,natural_variability,T2,single_exercise,252_T2_R2,252_T2_R1,1080,1080,5,0.7103,0.8177,adequate,0.8687
252,252_T2_R1_to_R2_ex13,natural_variability,T2,single_exercise,252_T2_R1,252_T2_R2,1560,2040,7,0.592,0.7636,adequate,0.7754
252,252_T2_R2_to_R1_ex13,natural_variability,T2,single_exercise,252_T2_R2,252_T2_R1,2040,1560,8,0.6798,0.7968,adequate,0.8531
252,252_T2_R1_to_R2_ex09_13,natural_variability,T2,ex09_13_protocol_reference,252_T2_R1,252_T2_R2,6360,6600,9,0.6765,0.8387,adequate,0.8066
252,252_T2_R2_to_R1_ex09_13,natural_variability,T2,ex09_13_protocol_reference,252_T2_R2,252_T2_R1,6600,6360,9,0.6728,0.8074,adequate,0.8333
252,252_T2_R1_to_R2_ex11_13,natural_variability,T2,ex11_13_aggregate,252_T2_R1,252_T2_R2,3960,4200,8,0.682,0.8923,adequate,0.7644
252,252_T2_R2_to_R1_ex11_13,natural_variability,T2,ex11_13_aggregate,252_T2_R2,252_T2_R1,4200,3960,10,0.7802,0.9027,adequate,0.8642
252,252_T2_R1_to_R2_ex11_12,natural_variability,T2,leave_one_exercise_out,252_T2_R1,252_T2_R2,2400,2160,6,0.6573,0.8227,adequate,0.799
252,252_T2_R1_to_R2_ex12_13,natural_variability,T2,leave_one_exercise_out,252_T2_R1,252_T2_R2,2640,3120,8,0.6839,0.8661,adequate,0.7896
252,252_T3_R1_to_R2_ex09,natural_variability,T3,single_exercise,252_T3_R1,252_T3_R2,1200,1080,4,0.885,0.9747,adequate,0.9079
252,252_T3_R2_to_R1_ex09,natural_variability,T3,single_exercise,252_T3_R2,252_T3_R1,1080,1200,3,0.7259,0.9637,adequate,0.7532
252,252_T3_R1_to_R2_ex10,natural_variability,T3,single_exercise,252_T3_R1,252_T3_R2,1200,1200,5,0.6799,0.8065,adequate,0.843
252,252_T3_R2_to_R1_ex10,natural_variability,T3,single_exercise,252_T3_R2,252_T3_R1,1200,1200,5,0.624,0.731,limited,0.8536
252,252_T3_R1_to_R2_ex11,natural_variability,T3,single_exercise,252_T3_R1,252_T3_R2,1200,1200,6,0.5971,0.7224,limited,0.8266
252,252_T3_R2_to_R1_ex11,natural_variability,T3,single_exercise,252_T3_R2,252_T3_R1,1200,1200,6,0.5763,0.7016,limited,0.8215
252,252_T3_R1_to_R2_ex12,natural_variability,T3,single_exercise,252_T3_R1,252_T3_R2,1080,1080,5,0.6062,0.7328,limited,0.8273
252,252_T3_R2_to_R1_ex12,natural_variability,T3,single_exercise,252_T3_R2,252_T3_R1,1080,1080,5,0.6246,0.7559,adequate,0.8263
252,252_T3_R1_to_R2_ex13,natural_variability,T3,single_exercise,252_T3_R1,252_T3_R2,1440,1560,7,0.5735,0.7645,adequate,0.7502
252,252_T3_R2_to_R1_ex13,natural_variability,T3,single_exercise,252_T3_R2,252_T3_R1,1560,1440,9,0.7227,0.8266,adequate,0.8743
252,252_T3_R1_to_R2_ex09_13,natural_variability,T3,ex09_13_protocol_reference,252_T3_R1,252_T3_R2,6120,6120,10,0.7696,0.9189,adequate,0.8375
252,252_T3_R2_to_R1_ex09_13,natural_variability,T3,ex09_13_protocol_reference,252_T3_R2,252_T3_R1,6120,6120,9,0.7262,0.9094,adequate,0.7985
252,252_T3_R1_to_R2_ex11_13,natural_variability,T3,ex11_13_aggregate,252_T3_R1,252_T3_R2,3720,3840,9,0.6857,0.8644,adequate,0.7933
252,252_T3_R2_to_R1_ex11_13,natural_variability,T3,ex11_13_aggregate,252_T3_R2,252_T3_R1,3840,3720,10,0.7427,0.8743,adequate,0.8494
252,252_T3_R1_to_R2_ex11_12,natural_variability,T3,leave_one_exercise_out,252_T3_R1,252_T3_R2,2280,2280,7,0.6713,0.8025,adequate,0.8364
252,252_T3_R1_to_R2_ex12_13,natural_variability,T3,leave_one_exercise_out,252_T3_R1,252_T3_R2,2520,2640,8,0.6483,0.8332,adequate,0.7781
252,252_T1_vs_T2_single_R1,longitudinal_single,T2,ex09_13_matched_single,252_T1_R1,252_T2_R1,6120,6360,10,0.699,0.8108,adequate,0.8621
252,252_T1_vs_T3_single_R1,longitudinal_single,T3,ex09_13_matched_single,252_T1_R1,252_T3_R1,6120,6120,10,0.5013,0.6005,limited,0.8349
651,651_T1_R1_to_R2_ex09,natural_variability,T1,single_exercise,651_T1_R1,651_T1_R2,1080,1080,4,0.7507,0.8056,adequate,0.9318
651,651_T1_R2_to_R1_ex09,natural_variability,T1,single_exercise,651_T1_R2,651_T1_R1,1080,1080,3,0.6192,0.7987,adequate,0.7753
651,651_T1_R1_to_R2_ex10,natural_variability,T1,single_exercise,651_T1_R1,651_T1_R2,1200,1320,2,0.7682,0.8962,adequate,0.8572
651,651_T1_R2_to_R1_ex10,natural_variability,T1,single_exercise,651_T1_R2,651_T1_R1,1320,1200,2,0.7407,0.9233,adequate,0.8022
651,651_T1_R1_to_R2_ex11,natural_variability,T1,single_exercise,651_T1_R1,651_T1_R2,1320,1200,4,0.7136,0.8168,adequate,0.8736
651,651_T1_R2_to_R1_ex11,natural_variability,T1,single_exercise,651_T1_R2,651_T1_R1,1200,1320,3,0.6482,0.8264,adequate,0.7843
651,651_T1_R1_to_R2_ex12,natural_variability,T1,single_exercise,651_T1_R1,651_T1_R2,960,840,3,0.5895,0.6975,limited,0.8452
651,651_T1_R2_to_R1_ex12,natural_variability,T1,single_exercise,651_T1_R2,651_T1_R1,840,960,3,0.5908,0.7235,limited,0.8166
651,651_T1_R1_to_R2_ex13,natural_variability,T1,single_exercise,651_T1_R1,651_T1_R2,1440,1680,6,0.6422,0.7716,adequate,0.8323
651,651_T1_R2_to_R1_ex13,natural_variability,T1,single_exercise,651_T1_R2,651_T1_R1,1680,1440,6,0.6993,0.8407,adequate,0.8318
651,651_T1_R1_to_R2_ex09_13,natural_variability,T1,ex09_13_protocol_reference,651_T1_R1,651_T1_R2,6000,6120,6,0.7643,0.9355,adequate,0.817
651,651_T1_R2_to_R1_ex09_13,natural_variability,T1,ex09_13_protocol_reference,651_T1_R2,651_T1_R1,6120,6000,6,0.7585,0.9377,adequate,0.8088
651,651_T1_R1_to_R2_ex11_13,natural_variability,T1,ex11_13_aggregate,651_T1_R1,651_T1_R2,3720,3720,6,0.699,0.8363,adequate,0.8358
651,651_T1_R2_to_R1_ex11_13,natural_variability,T1,ex11_13_aggregate,651_T1_R2,651_T1_R1,3720,3720,5,0.6662,0.8687,adequate,0.7669
651,651_T1_R1_to_R2_ex11_12,natural_variability,T1,leave_one_exercise_out,651_T1_R1,651_T1_R2,2280,2040,5,0.7343,0.8341,adequate,0.8804
651,651_T1_R1_to_R2_ex12_13,natural_variability,T1,leave_one_exercise_out,651_T1_R1,651_T1_R2,2400,2520,6,0.6611,0.7986,adequate,0.8277
651,651_T2_R1_to_R2_ex09,natural_variability,T2,single_exercise,651_T2_R1,651_T2_R2,1080,1200,3,0.7963,0.9612,adequate,0.8284
651,651_T2_R2_to_R1_ex09,natural_variability,T2,single_exercise,651_T2_R2,651_T2_R1,1200,1080,3,0.8107,0.9636,adequate,0.8413
651,651_T2_R1_to_R2_ex10,natural_variability,T2,single_exercise,651_T2_R1,651_T2_R2,1200,1200,3,0.7135,0.9648,adequate,0.7396
651,651_T2_R2_to_R1_ex10,natural_variability,T2,single_exercise,651_T2_R2,651_T2_R1,1200,1200,4,0.854,0.9619,adequate,0.8877
651,651_T2_R1_to_R2_ex11,natural_variability,T2,single_exercise,651_T2_R1,651_T2_R2,1320,1320,5,0.7007,0.8359,adequate,0.8382
651,651_T2_R2_to_R1_ex11,natural_variability,T2,single_exercise,651_T2_R2,651_T2_R1,1320,1320,5,0.7409,0.8775,adequate,0.8443
651,651_T2_R1_to_R2_ex12,natural_variability,T2,single_exercise,651_T2_R1,651_T2_R2,960,1080,4,0.4109,0.5318,limited,0.7727
651,651_T2_R2_to_R1_ex12,natural_variability,T2,single_exercise,651_T2_R2,651_T2_R1,1080,960,5,0.5578,0.6448,limited,0.8651
651,651_T2_R1_to_R2_ex13,natural_variability,T2,single_exercise,651_T2_R1,651_T2_R2,1680,1680,7,0.6486,0.7852,adequate,0.826
651,651_T2_R2_to_R1_ex13,natural_variability,T2,single_exercise,651_T2_R2,651_T2_R1,1680,1680,7,0.6517,0.811,adequate,0.8035
651,651_T2_R1_to_R2_ex09_13,natural_variability,T2,ex09_13_protocol_reference,651_T2_R1,651_T2_R2,6240,6480,7,0.7437,0.9423,adequate,0.7892
651,651_T2_R2_to_R1_ex09_13,natural_variability,T2,ex09_13_protocol_reference,651_T2_R2,651_T2_R1,6480,6240,8,0.7991,0.9407,adequate,0.8495
651,651_T2_R1_to_R2_ex11_13,natural_variability,T2,ex11_13_aggregate,651_T2_R1,651_T2_R2,3960,4080,7,0.7196,0.8973,adequate,0.802
651,651_T2_R2_to_R1_ex11_13,natural_variability,T2,ex11_13_aggregate,651_T2_R2,651_T2_R1,4080,3960,7,0.7255,0.8893,adequate,0.8159
651,651_T2_R1_to_R2_ex11_12,natural_variability,T2,leave_one_exercise_out,651_T2_R1,651_T2_R2,2280,2400,6,0.6741,0.8301,adequate,0.8121
651,651_T2_R1_to_R2_ex12_13,natural_variability,T2,leave_one_exercise_out,651_T2_R1,651_T2_R2,2640,2760,7,0.643,0.8014,adequate,0.8024
651,651_T3_R1_to_R2_ex09,natural_variability,T3,single_exercise,651_T3_R1,651_T3_R2,1080,1080,4,0.8479,0.9524,adequate,0.8903
651,651_T3_R2_to_R1_ex09,natural_variability,T3,single_exercise,651_T3_R2,651_T3_R1,1080,1080,3,0.7605,0.9704,adequate,0.7836
651,651_T3_R1_to_R2_ex10,natural_variability,T3,single_exercise,651_T3_R1,651_T3_R2,1320,1200,4,0.7934,0.9221,adequate,0.8605
651,651_T3_R2_to_R1_ex10,natural_variability,T3,single_exercise,651_T3_R2,651_T3_R1,1200,1320,4,0.7538,0.9257,adequate,0.8143
651,651_T3_R1_to_R2_ex11,natural_variability,T3,single_exercise,651_T3_R1,651_T3_R2,1200,1320,4,0.5381,0.7332,limited,0.7339
651,651_T3_R2_to_R1_ex11,natural_variability,T3,single_exercise,651_T3_R2,651_T3_R1,1320,1200,6,0.7426,0.8237,adequate,0.9016
651,651_T3_R1_to_R2_ex12,natural_variability,T3,single_exercise,651_T3_R1,651_T3_R2,1080,1080,5,0.7346,0.8449,adequate,0.8695
651,651_T3_R2_to_R1_ex12,natural_variability,T3,single_exercise,651_T3_R2,651_T3_R1,1080,1080,4,0.6781,0.8571,adequate,0.7912
651,651_T3_R1_to_R2_ex13,natural_variability,T3,single_exercise,651_T3_R1,651_T3_R2,1560,1560,7,0.7716,0.8702,adequate,0.8867
651,651_T3_R2_to_R1_ex13,natural_variability,T3,single_exercise,651_T3_R2,651_T3_R1,1560,1560,5,0.6061,0.8119,adequate,0.7466
651,651_T3_R1_to_R2_ex09_13,natural_variability,T3,ex09_13_protocol_reference,651_T3_R1,651_T3_R2,6240,6240,7,0.7672,0.9419,adequate,0.8145
651,651_T3_R2_to_R1_ex09_13,natural_variability,T3,ex09_13_protocol_reference,651_T3_R2,651_T3_R1,6240,6240,7,0.7646,0.939,adequate,0.8143
651,651_T3_R1_to_R2_ex11_13,natural_variability,T3,ex11_13_aggregate,651_T3_R1,651_T3_R2,3840,3960,7,0.7569,0.9299,adequate,0.814
651,651_T3_R2_to_R1_ex11_13,natural_variability,T3,ex11_13_aggregate,651_T3_R2,651_T3_R1,3960,3840,7,0.7546,0.9121,adequate,0.8274
651,651_T3_R1_to_R2_ex11_12,natural_variability,T3,leave_one_exercise_out,651_T3_R1,651_T3_R2,2280,2400,5,0.6847,0.901,adequate,0.76
651,651_T3_R1_to_R2_ex12_13,natural_variability,T3,leave_one_exercise_out,651_T3_R1,651_T3_R2,2640,2640,7,0.7786,0.8915,adequate,0.8734
651,651_T1_vs_T2_single_R1,longitudinal_single,T2,ex09_13_matched_single,651_T1_R1,651_T2_R1,6000,6240,6,0.6411,0.8366,adequate,0.7663
651,651_T1_vs_T3_single_R1,longitudinal_single,T3,ex09_13_matched_single,651_T1_R1,651_T3_R1,6000,6240,6,0.5405,0.7055,limited,0.7662
790,790_T1_R1_to_R2_ex09,natural_variability,T1,single_exercise,790_T1_R1,790_T1_R2,960,960,3,0.7347,0.7754,adequate,0.9475
790,790_T1_R2_to_R1_ex09,natural_variability,T1,single_exercise,790_T1_R2,790_T1_R1,960,960,2,0.6162,0.7811,adequate,0.7889
790,790_T1_R1_to_R2_ex10,natural_variability,T1,single_exercise,790_T1_R1,790_T1_R2,1200,1320,4,0.7034,0.8256,adequate,0.852
790,790_T1_R2_to_R1_ex10,natural_variability,T1,single_exercise,790_T1_R2,790_T1_R1,1320,1200,4,0.678,0.8034,adequate,0.8439
790,790_T1_R1_to_R2_ex11,natural_variability,T1,single_exercise,790_T1_R1,790_T1_R2,1320,1320,5,0.5764,0.6903,limited,0.835
790,790_T1_R2_to_R1_ex11,natural_variability,T1,single_exercise,790_T1_R2,790_T1_R1,1320,1320,5,0.5535,0.6835,limited,0.8099
790,790_T1_R1_to_R2_ex12,natural_variability,T1,single_exercise,790_T1_R1,790_T1_R2,960,1200,5,0.4417,0.544,limited,0.8119
790,790_T1_R2_to_R1_ex12,natural_variability,T1,single_exercise,790_T1_R2,790_T1_R1,1200,960,5,0.5226,0.6168,limited,0.8473
790,790_T1_R1_to_R2_ex13,natural_variability,T1,single_exercise,790_T1_R1,790_T1_R2,1800,1800,7,0.5444,0.6749,limited,0.8065
790,790_T1_R2_to_R1_ex13,natural_variability,T1,single_exercise,790_T1_R2,790_T1_R1,1800,1800,7,0.6099,0.7276,limited,0.8382
790,790_T1_R1_to_R2_ex09_13,natural_variability,T1,ex09_13_protocol_reference,790_T1_R1,790_T1_R2,6240,6600,8,0.7015,0.8559,adequate,0.8196
790,790_T1_R2_to_R1_ex09_13,natural_variability,T1,ex09_13_protocol_reference,790_T1_R2,790_T1_R1,6600,6240,8,0.6977,0.8637,adequate,0.8078
790,790_T1_R1_to_R2_ex11_13,natural_variability,T1,ex11_13_aggregate,790_T1_R1,790_T1_R2,4080,4320,8,0.6987,0.8432,adequate,0.8286
790,790_T1_R2_to_R1_ex11_13,natural_variability,T1,ex11_13_aggregate,790_T1_R2,790_T1_R1,4320,4080,8,0.6914,0.8412,adequate,0.822
790,790_T1_R1_to_R2_ex11_12,natural_variability,T1,leave_one_exercise_out,790_T1_R1,790_T1_R2,2280,2520,7,0.6936,0.8132,adequate,0.8529
790,790_T1_R1_to_R2_ex12_13,natural_variability,T1,leave_one_exercise_out,790_T1_R1,790_T1_R2,2760,3000,8,0.6213,0.7623,adequate,0.8149
790,790_T2_R1_to_R2_ex09,natural_variability,T2,single_exercise,790_T2_R1,790_T2_R2,1320,1080,4,0.4818,0.6414,limited,0.7512
790,790_T2_R2_to_R1_ex09,natural_variability,T2,single_exercise,790_T2_R2,790_T2_R1,1080,1320,5,0.7177,0.8205,adequate,0.8747
790,790_T2_R1_to_R2_ex10,natural_variability,T2,single_exercise,790_T2_R1,790_T2_R2,1200,1200,4,0.5515,0.7461,limited,0.7391
790,790_T2_R2_to_R1_ex10,natural_variability,T2,single_exercise,790_T2_R2,790_T2_R1,1200,1200,5,0.6725,0.7502,adequate,0.8964
790,790_T2_R1_to_R2_ex11,natural_variability,T2,single_exercise,790_T2_R1,790_T2_R2,1080,1200,4,0.6946,0.8538,adequate,0.8135
790,790_T2_R2_to_R1_ex11,natural_variability,T2,single_exercise,790_T2_R2,790_T2_R1,1200,1080,4,0.6853,0.834,adequate,0.8216
790,790_T2_R1_to_R2_ex12,natural_variability,T2,single_exercise,790_T2_R1,790_T2_R2,960,960,4,0.5274,0.6475,limited,0.8146
790,790_T2_R2_to_R1_ex12,natural_variability,T2,single_exercise,790_T2_R2,790_T2_R1,960,960,4,0.5553,0.6554,limited,0.8472
790,790_T2_R1_to_R2_ex13,natural_variability,T2,single_exercise,790_T2_R1,790_T2_R2,1800,2040,6,0.6494,0.8134,adequate,0.7984
790,790_T2_R2_to_R1_ex13,natural_variability,T2,single_exercise,790_T2_R2,790_T2_R1,2040,1800,7,0.6728,0.7988,adequate,0.8423
790,790_T2_R1_to_R2_ex09_13,natural_variability,T2,ex09_13_protocol_reference,790_T2_R1,790_T2_R2,6360,6480,7,0.7263,0.9377,adequate,0.7745
790,790_T2_R2_to_R1_ex09_13,natural_variability,T2,ex09_13_protocol_reference,790_T2_R2,790_T2_R1,6480,6360,8,0.8028,0.945,adequate,0.8495
790,790_T2_R1_to_R2_ex11_13,natural_variability,T2,ex11_13_aggregate,790_T2_R1,790_T2_R2,3840,4200,6,0.7096,0.9225,adequate,0.7692
790,790_T2_R2_to_R1_ex11_13,natural_variability,T2,ex11_13_aggregate,790_T2_R2,790_T2_R1,4200,3840,7,0.7591,0.9077,adequate,0.8362
790,790_T2_R1_to_R2_ex11_12,natural_variability,T2,leave_one_exercise_out,790_T2_R1,790_T2_R2,2040,2160,5,0.6807,0.8548,adequate,0.7963
790,790_T2_R1_to_R2_ex12_13,natural_variability,T2,leave_one_exercise_out,790_T2_R1,790_T2_R2,2760,3000,6,0.6727,0.8673,adequate,0.7757
790,790_T3_R1_to_R2_ex09,natural_variability,T3,single_exercise,790_T3_R1,790_T3_R2,1080,1080,3,0.841,0.9329,adequate,0.9015
790,790_T3_R2_to_R1_ex09,natural_variability,T3,single_exercise,790_T3_R2,790_T3_R1,1080,1080,2,0.687,0.9284,adequate,0.74
790,790_T3_R1_to_R2_ex10,natural_variability,T3,single_exercise,790_T3_R1,790_T3_R2,1200,1200,4,0.7227,0.8524,adequate,0.8478
790,790_T3_R2_to_R1_ex10,natural_variability,T3,single_exercise,790_T3_R2,790_T3_R1,1200,1200,4,0.7323,0.8504,adequate,0.8611
790,790_T3_R1_to_R2_ex11,natural_variability,T3,single_exercise,790_T3_R1,790_T3_R2,1320,1320,4,0.3527,0.4974,severe,0.7092
790,790_T3_R2_to_R1_ex11,natural_variability,T3,single_exercise,790_T3_R2,790_T3_R1,1320,1320,6,0.6274,0.6989,limited,0.8978
790,790_T3_R1_to_R2_ex12,natural_variability,T3,single_exercise,790_T3_R1,790_T3_R2,960,1200,5,0.4492,0.5174,limited,0.868
790,790_T3_R2_to_R1_ex12,natural_variability,T3,single_exercise,790_T3_R2,790_T3_R1,1200,960,4,0.5294,0.6907,limited,0.7665
790,790_T3_R1_to_R2_ex13,natural_variability,T3,single_exercise,790_T3_R1,790_T3_R2,2280,1560,8,0.7308,0.8439,adequate,0.866
790,790_T3_R2_to_R1_ex13,natural_variability,T3,single_exercise,790_T3_R2,790_T3_R1,1560,2280,7,0.6941,0.8687,adequate,0.7991
790,790_T3_R1_to_R2_ex09_13,natural_variability,T3,ex09_13_protocol_reference,790_T3_R1,790_T3_R2,6840,6360,8,0.6315,0.7592,adequate,0.8317
790,790_T3_R2_to_R1_ex09_13,natural_variability,T3,ex09_13_protocol_reference,790_T3_R2,790_T3_R1,6360,6840,8,0.725,0.8982,adequate,0.8072
790,790_T3_R1_to_R2_ex11_13,natural_variability,T3,ex11_13_aggregate,790_T3_R1,790_T3_R2,4560,4080,8,0.63,0.7827,adequate,0.8049
790,790_T3_R2_to_R1_ex11_13,natural_variability,T3,ex11_13_aggregate,790_T3_R2,790_T3_R1,4080,4560,8,0.6995,0.8526,adequate,0.8204
790,790_T3_R1_to_R2_ex11_12,natural_variability,T3,leave_one_exercise_out,790_T3_R1,790_T3_R2,2280,2520,6,0.4771,0.5769,limited,0.827
790,790_T3_R1_to_R2_ex12_13,natural_variability,T3,leave_one_exercise_out,790_T3_R1,790_T3_R2,3240,2760,8,0.6578,0.7685,adequate,0.8559
790,790_T1_vs_T2_single_R1,longitudinal_single,T2,ex09_13_matched_single,790_T1_R1,790_T2_R1,6240,6360,8,0.7362,0.8666,adequate,0.8495
790,790_T1_vs_T3_single_R1,longitudinal_single,T3,ex09_13_matched_single,790_T1_R1,790_T3_R1,6240,6840,8,0.7158,0.8867,adequate,0.8072
