participant,comparison_id,reference_timepoint,target_timepoint,space,region_id,region_label,n_links_in_region,long_abs_mean_region,nv_abs_mean_region,effect_ratio_vs_nv_region,exceeds_nv_region,top_link_id,top_link_effect_ratio,avatar_color_category_region,interpretation,warnings
252,252_T1_vs_T3,T1,T3,functional,head_neck,Head / Neck,2,0.042656,0.030068,1.4187,True,Chest_to_Neck,1.4192,colored,Above-NV descriptive change only; not a treatment effect. Data are blinded/timepoint-based.,
252,252_T1_vs_T3,T1,T3,functional,left_arm,Left arm,4,0.119259,0.050509,2.3611,True,LShoulder_to_LUArm,4.9419,colored,Above-NV descriptive change only; not a treatment effect. Data are blinded/timepoint-based.,
252,252_T1_vs_T3,T1,T3,functional,left_leg,Left leg,3,0.281492,0.176206,1.5975,True,LShin_to_LFoot,3.9394,colored,Above-NV descriptive change only; not a treatment effect. Data are blinded/timepoint-based.,
252,252_T1_vs_T3,T1,T3,functional,right_arm,Right arm,4,0.244281,0.110963,2.2015,True,RFArm_to_RHand,13.1599,colored,Above-NV descriptive change only; not a treatment effect. Data are blinded/timepoint-based.,
252,252_T1_vs_T3,T1,T3,functional,right_leg,Right leg,3,0.062511,0.106801,0.5853,True,RShin_to_RFoot,5.2253,colored,Above-NV descriptive change only; not a treatment effect. Data are blinded/timepoint-based.,
252,252_T1_vs_T3,T1,T3,null,head_neck,Head / Neck,2,0.027801,0.017628,1.5772,True,Neck_to_Head,1.579,colored,Above-NV descriptive change only; not a treatment effect. Data are blinded/timepoint-based.,
252,252_T1_vs_T3,T1,T3,null,left_arm,Left arm,4,0.19103,0.070562,2.7073,True,LShoulder_to_LUArm,5.0492,colored,Above-NV descriptive change only; not a treatment effect. Data are blinded/timepoint-based.,
252,252_T1_vs_T3,T1,T3,null,left_leg,Left leg,3,0.085756,0.071385,1.2013,True,LShin_to_LFoot,2.7843,colored,Above-NV descriptive change only; not a treatment effect. Data are blinded/timepoint-based.,
252,252_T1_vs_T3,T1,T3,null,right_arm,Right arm,4,0.176764,0.077337,2.2856,True,RUArm_to_RFArm,2.6371,colored,Above-NV descriptive change only; not a treatment effect. Data are blinded/timepoint-based.,
252,252_T1_vs_T3,T1,T3,null,right_leg,Right leg,3,0.103005,0.087907,1.1718,True,RShin_to_RFoot,1.7988,colored,Above-NV descriptive change only; not a treatment effect. Data are blinded/timepoint-based.,
252,252_T1_vs_T3,T1,T3,combined,head_neck,Head / Neck,2,0.031102,0.020393,1.5252,True,Neck_to_Head,1.5262,colored,Above-NV descriptive change only; not a treatment effect. Data are blinded/timepoint-based.,
252,252_T1_vs_T3,T1,T3,combined,left_arm,Left arm,4,0.175081,0.066106,2.6485,True,LShoulder_to_LUArm,5.0351,colored,Above-NV descriptive change only; not a treatment effect. Data are blinded/timepoint-based.,
252,252_T1_vs_T3,T1,T3,combined,left_leg,Left leg,3,0.129253,0.094679,1.3652,True,LShin_to_LFoot,3.0767,colored,Above-NV descriptive change only; not a treatment effect. Data are blinded/timepoint-based.,
252,252_T1_vs_T3,T1,T3,combined,right_arm,Right arm,4,0.191768,0.08481,2.2612,True,RUArm_to_RFArm,2.5162,colored,Above-NV descriptive change only; not a treatment effect. Data are blinded/timepoint-based.,
252,252_T1_vs_T3,T1,T3,combined,right_leg,Right leg,3,0.094006,0.092105,1.0206,True,RShin_to_RFoot,2.0587,colored,Above-NV descriptive change only; not a treatment effect. Data are blinded/timepoint-based.,
