participant,comparison_id,reference_timepoint,target_timepoint,repetition_mode,exercise_window,link_id,parent_joint,child_joint,canonical_link_name,region_id,region_label,space,long_jcvpca_mean,long_jcvpca_abs_mean,nv_jcvpca_abs_mean,nv_source,nv_comparison_id,effect_ratio_vs_nv,effect_ratio_vs_nv_validated,exceeds_nv,selected_m,n_pcs,validation_strength,interpretation,warnings,avatar_color_category,signed_direction,signed_strength,signed_fill_color,combined_outline
252,252_T1_vs_T2,T1,T2,pooled,ex10_ex15_contiguous,252_to_LThigh,252,LThigh,252->LThigh,left_leg,Left leg,combined,0.002905,0.065291,0.103563,T1 within-timepoint R1 vs R2 (never pooled),252_T1_R1_vs_R2,0.6304,0.6304,False,9,9,descriptive only,Above-NV descriptive change only; not a treatment effect. Data are blinded/timepoint-based.,,neutral,neutral,within_nv,#B0B0B0,False
252,252_T1_vs_T2,T1,T2,pooled,ex10_ex15_contiguous,252_to_LThigh,252,LThigh,252->LThigh,left_leg,Left leg,functional,-0.01065,0.114708,0.209852,T1 within-timepoint R1 vs R2 (never pooled),252_T1_R1_vs_R2,0.5466,,False,9,2,descriptive only,Above-NV descriptive change only; not a treatment effect. Data are blinded/timepoint-based.,,neutral,neutral,within_nv,#B0B0B0,False
252,252_T1_vs_T2,T1,T2,pooled,ex10_ex15_contiguous,252_to_LThigh,252,LThigh,252->LThigh,left_leg,Left leg,null,0.006777,0.051171,0.073195,T1 within-timepoint R1 vs R2 (never pooled),252_T1_R1_vs_R2,0.6991,,False,9,7,descriptive only,Above-NV descriptive change only; not a treatment effect. Data are blinded/timepoint-based.,,neutral,neutral,within_nv,#B0B0B0,False
252,252_T1_vs_T2,T1,T2,pooled,ex10_ex15_contiguous,252_to_RThigh,252,RThigh,252->RThigh,right_leg,Right leg,combined,0.0047,0.066897,0.115103,T1 within-timepoint R1 vs R2 (never pooled),252_T1_R1_vs_R2,0.5812,0.5812,False,9,9,descriptive only,Above-NV descriptive change only; not a treatment effect. Data are blinded/timepoint-based.,,functional_only,neutral,within_nv,#B0B0B0,False
252,252_T1_vs_T2,T1,T2,pooled,ex10_ex15_contiguous,252_to_RThigh,252,RThigh,252->RThigh,right_leg,Right leg,functional,-0.024739,0.177474,0.127343,T1 within-timepoint R1 vs R2 (never pooled),252_T1_R1_vs_R2,1.3937,,True,9,2,descriptive only,Above-NV descriptive change only; not a treatment effect. Data are blinded/timepoint-based.,,functional_only,decreased,moderate,#9ECAE1,False
252,252_T1_vs_T2,T1,T2,pooled,ex10_ex15_contiguous,252_to_RThigh,252,RThigh,252->RThigh,right_leg,Right leg,null,0.013111,0.035303,0.111606,T1 within-timepoint R1 vs R2 (never pooled),252_T1_R1_vs_R2,0.3163,,False,9,7,descriptive only,Above-NV descriptive change only; not a treatment effect. Data are blinded/timepoint-based.,,functional_only,neutral,within_nv,#B0B0B0,False
252,252_T1_vs_T2,T1,T2,pooled,ex10_ex15_contiguous,Chest_to_LShoulder,Chest,LShoulder,Chest->LShoulder,left_arm,Left arm,combined,-0.005009,0.020531,0.032053,T1 within-timepoint R1 vs R2 (never pooled),252_T1_R1_vs_R2,0.6405,0.6405,False,9,9,descriptive only,Above-NV descriptive change only; not a treatment effect. Data are blinded/timepoint-based.,,neutral,neutral,within_nv,#B0B0B0,False
252,252_T1_vs_T2,T1,T2,pooled,ex10_ex15_contiguous,Chest_to_LShoulder,Chest,LShoulder,Chest->LShoulder,left_arm,Left arm,functional,0.009826,0.011259,0.022569,T1 within-timepoint R1 vs R2 (never pooled),252_T1_R1_vs_R2,0.4989,,False,9,2,descriptive only,Above-NV descriptive change only; not a treatment effect. Data are blinded/timepoint-based.,,neutral,neutral,within_nv,#B0B0B0,False
252,252_T1_vs_T2,T1,T2,pooled,ex10_ex15_contiguous,Chest_to_LShoulder,Chest,LShoulder,Chest->LShoulder,left_arm,Left arm,null,-0.009247,0.023181,0.034763,T1 within-timepoint R1 vs R2 (never pooled),252_T1_R1_vs_R2,0.6668,,False,9,7,descriptive only,Above-NV descriptive change only; not a treatment effect. Data are blinded/timepoint-based.,,neutral,neutral,within_nv,#B0B0B0,False
252,252_T1_vs_T2,T1,T2,pooled,ex10_ex15_contiguous,Chest_to_Neck,Chest,Neck,Chest->Neck,head_neck,Head / Neck,combined,0.003345,0.014169,0.020415,T1 within-timepoint R1 vs R2 (never pooled),252_T1_R1_vs_R2,0.694,0.694,False,9,9,descriptive only,Above-NV descriptive change only; not a treatment effect. Data are blinded/timepoint-based.,,neutral,neutral,within_nv,#B0B0B0,False
252,252_T1_vs_T2,T1,T2,pooled,ex10_ex15_contiguous,Chest_to_Neck,Chest,Neck,Chest->Neck,head_neck,Head / Neck,functional,0.000667,0.018978,0.030083,T1 within-timepoint R1 vs R2 (never pooled),252_T1_R1_vs_R2,0.6308,,False,9,2,descriptive only,Above-NV descriptive change only; not a treatment effect. Data are blinded/timepoint-based.,,neutral,neutral,within_nv,#B0B0B0,False
252,252_T1_vs_T2,T1,T2,pooled,ex10_ex15_contiguous,Chest_to_Neck,Chest,Neck,Chest->Neck,head_neck,Head / Neck,null,0.00411,0.012795,0.017652,T1 within-timepoint R1 vs R2 (never pooled),252_T1_R1_vs_R2,0.7248,,False,9,7,descriptive only,Above-NV descriptive change only; not a treatment effect. Data are blinded/timepoint-based.,,neutral,neutral,within_nv,#B0B0B0,False
252,252_T1_vs_T2,T1,T2,pooled,ex10_ex15_contiguous,Chest_to_RShoulder,Chest,RShoulder,Chest->RShoulder,right_arm,Right arm,combined,-0.001542,0.033309,0.035519,T1 within-timepoint R1 vs R2 (never pooled),252_T1_R1_vs_R2,0.9378,0.9378,False,9,9,descriptive only,Above-NV descriptive change only; not a treatment effect. Data are blinded/timepoint-based.,,neutral,neutral,within_nv,#B0B0B0,False
252,252_T1_vs_T2,T1,T2,pooled,ex10_ex15_contiguous,Chest_to_RShoulder,Chest,RShoulder,Chest->RShoulder,right_arm,Right arm,functional,0.00172,0.0392,0.045334,T1 within-timepoint R1 vs R2 (never pooled),252_T1_R1_vs_R2,0.8647,,False,9,2,descriptive only,Above-NV descriptive change only; not a treatment effect. Data are blinded/timepoint-based.,,neutral,neutral,within_nv,#B0B0B0,False
252,252_T1_vs_T2,T1,T2,pooled,ex10_ex15_contiguous,Chest_to_RShoulder,Chest,RShoulder,Chest->RShoulder,right_arm,Right arm,null,-0.002474,0.031625,0.032715,T1 within-timepoint R1 vs R2 (never pooled),252_T1_R1_vs_R2,0.9667,,False,9,7,descriptive only,Above-NV descriptive change only; not a treatment effect. Data are blinded/timepoint-based.,,neutral,neutral,within_nv,#B0B0B0,False
252,252_T1_vs_T2,T1,T2,pooled,ex10_ex15_contiguous,LFArm_to_LHand,LFArm,LHand,LFArm->LHand,left_arm,Left arm,combined,-0.004957,0.050133,0.021267,T1 within-timepoint R1 vs R2 (never pooled),252_T1_R1_vs_R2,2.3573,2.3573,True,9,9,descriptive only,Above-NV descriptive change only; not a treatment effect. Data are blinded/timepoint-based.,,functional_and_null,decreased,moderate,#9ECAE1,True
252,252_T1_vs_T2,T1,T2,pooled,ex10_ex15_contiguous,LFArm_to_LHand,LFArm,LHand,LFArm->LHand,left_arm,Left arm,functional,0.021914,0.047283,0.023951,T1 within-timepoint R1 vs R2 (never pooled),252_T1_R1_vs_R2,1.9742,,True,9,2,descriptive only,Above-NV descriptive change only; not a treatment effect. Data are blinded/timepoint-based.,,functional_and_null,increased,moderate,#FFD700,False
252,252_T1_vs_T2,T1,T2,pooled,ex10_ex15_contiguous,LFArm_to_LHand,LFArm,LHand,LFArm->LHand,left_arm,Left arm,null,-0.012635,0.050947,0.0205,T1 within-timepoint R1 vs R2 (never pooled),252_T1_R1_vs_R2,2.4852,,True,9,7,descriptive only,Above-NV descriptive change only; not a treatment effect. Data are blinded/timepoint-based.,,functional_and_null,decreased,moderate,#9ECAE1,False
252,252_T1_vs_T2,T1,T2,pooled,ex10_ex15_contiguous,LShin_to_LFoot,LShin,LFoot,LShin->LFoot,left_leg,Left leg,combined,-0.003526,0.048119,0.020666,T1 within-timepoint R1 vs R2 (never pooled),252_T1_R1_vs_R2,2.3285,2.3285,True,9,9,descriptive only,Above-NV descriptive change only; not a treatment effect. Data are blinded/timepoint-based.,,null_only,decreased,moderate,#B0B0B0,True
252,252_T1_vs_T2,T1,T2,pooled,ex10_ex15_contiguous,LShin_to_LFoot,LShin,LFoot,LShin->LFoot,left_leg,Left leg,functional,0.016616,0.016616,0.023541,T1 within-timepoint R1 vs R2 (never pooled),252_T1_R1_vs_R2,0.7058,,False,9,2,descriptive only,Above-NV descriptive change only; not a treatment effect. Data are blinded/timepoint-based.,,null_only,neutral,within_nv,#B0B0B0,False
252,252_T1_vs_T2,T1,T2,pooled,ex10_ex15_contiguous,LShin_to_LFoot,LShin,LFoot,LShin->LFoot,left_leg,Left leg,null,-0.009281,0.05712,0.019844,T1 within-timepoint R1 vs R2 (never pooled),252_T1_R1_vs_R2,2.8784,,True,9,7,descriptive only,Above-NV descriptive change only; not a treatment effect. Data are blinded/timepoint-based.,,null_only,decreased,moderate,#9ECAE1,False
252,252_T1_vs_T2,T1,T2,pooled,ex10_ex15_contiguous,LShoulder_to_LUArm,LShoulder,LUArm,LShoulder->LUArm,left_arm,Left arm,combined,0.009991,0.148179,0.058372,T1 within-timepoint R1 vs R2 (never pooled),252_T1_R1_vs_R2,2.5385,2.5385,True,9,9,descriptive only,Above-NV descriptive change only; not a treatment effect. Data are blinded/timepoint-based.,,functional_and_null,increased,moderate,#FFD700,True
252,252_T1_vs_T2,T1,T2,pooled,ex10_ex15_contiguous,LShoulder_to_LUArm,LShoulder,LUArm,LShoulder->LUArm,left_arm,Left arm,functional,0.101511,0.101511,0.034518,T1 within-timepoint R1 vs R2 (never pooled),252_T1_R1_vs_R2,2.9408,,True,9,2,descriptive only,Above-NV descriptive change only; not a treatment effect. Data are blinded/timepoint-based.,,functional_and_null,increased,moderate,#FFD700,False
252,252_T1_vs_T2,T1,T2,pooled,ex10_ex15_contiguous,LShoulder_to_LUArm,LShoulder,LUArm,LShoulder->LUArm,left_arm,Left arm,null,-0.016158,0.161513,0.065187,T1 within-timepoint R1 vs R2 (never pooled),252_T1_R1_vs_R2,2.4777,,True,9,7,descriptive only,Above-NV descriptive change only; not a treatment effect. Data are blinded/timepoint-based.,,functional_and_null,decreased,moderate,#9ECAE1,False
252,252_T1_vs_T2,T1,T2,pooled,ex10_ex15_contiguous,LThigh_to_LShin,LThigh,LShin,LThigh->LShin,left_leg,Left leg,combined,0.02154,0.167113,0.159808,T1 within-timepoint R1 vs R2 (never pooled),252_T1_R1_vs_R2,1.0457,1.0457,True,9,9,descriptive only,Above-NV descriptive change only; not a treatment effect. Data are blinded/timepoint-based.,,null_only,increased,moderate,#B0B0B0,True
252,252_T1_vs_T2,T1,T2,pooled,ex10_ex15_contiguous,LThigh_to_LShin,LThigh,LShin,LThigh->LShin,left_leg,Left leg,functional,-0.011454,0.196026,0.295226,T1 within-timepoint R1 vs R2 (never pooled),252_T1_R1_vs_R2,0.664,,False,9,2,descriptive only,Above-NV descriptive change only; not a treatment effect. Data are blinded/timepoint-based.,,null_only,neutral,within_nv,#B0B0B0,False
252,252_T1_vs_T2,T1,T2,pooled,ex10_ex15_contiguous,LThigh_to_LShin,LThigh,LShin,LThigh->LShin,left_leg,Left leg,null,0.030966,0.158852,0.121117,T1 within-timepoint R1 vs R2 (never pooled),252_T1_R1_vs_R2,1.3116,,True,9,7,descriptive only,Above-NV descriptive change only; not a treatment effect. Data are blinded/timepoint-based.,,null_only,increased,moderate,#FFD700,False
252,252_T1_vs_T2,T1,T2,pooled,ex10_ex15_contiguous,LUArm_to_LFArm,LUArm,LFArm,LUArm->LFArm,left_arm,Left arm,combined,-0.046271,0.148657,0.152731,T1 within-timepoint R1 vs R2 (never pooled),252_T1_R1_vs_R2,0.9733,0.9733,False,9,9,descriptive only,Above-NV descriptive change only; not a treatment effect. Data are blinded/timepoint-based.,,functional_only,neutral,within_nv,#B0B0B0,False
252,252_T1_vs_T2,T1,T2,pooled,ex10_ex15_contiguous,LUArm_to_LFArm,LUArm,LFArm,LUArm->LFArm,left_arm,Left arm,functional,0.13116,0.13116,0.121,T1 within-timepoint R1 vs R2 (never pooled),252_T1_R1_vs_R2,1.084,,True,9,2,descriptive only,Above-NV descriptive change only; not a treatment effect. Data are blinded/timepoint-based.,,functional_only,increased,moderate,#FFD700,False
252,252_T1_vs_T2,T1,T2,pooled,ex10_ex15_contiguous,LUArm_to_LFArm,LUArm,LFArm,LUArm->LFArm,left_arm,Left arm,null,-0.096966,0.153656,0.161797,T1 within-timepoint R1 vs R2 (never pooled),252_T1_R1_vs_R2,0.9497,,False,9,7,descriptive only,Above-NV descriptive change only; not a treatment effect. Data are blinded/timepoint-based.,,functional_only,neutral,within_nv,#B0B0B0,False
252,252_T1_vs_T2,T1,T2,pooled,ex10_ex15_contiguous,Neck_to_Head,Neck,Head,Neck->Head,head_neck,Head / Neck,combined,0.003327,0.014204,0.02037,T1 within-timepoint R1 vs R2 (never pooled),252_T1_R1_vs_R2,0.6973,0.6973,False,9,9,descriptive only,Above-NV descriptive change only; not a treatment effect. Data are blinded/timepoint-based.,,neutral,neutral,within_nv,#B0B0B0,False
252,252_T1_vs_T2,T1,T2,pooled,ex10_ex15_contiguous,Neck_to_Head,Neck,Head,Neck->Head,head_neck,Head / Neck,functional,0.00067,0.018929,0.030053,T1 within-timepoint R1 vs R2 (never pooled),252_T1_R1_vs_R2,0.6299,,False,9,2,descriptive only,Above-NV descriptive change only; not a treatment effect. Data are blinded/timepoint-based.,,neutral,neutral,within_nv,#B0B0B0,False
252,252_T1_vs_T2,T1,T2,pooled,ex10_ex15_contiguous,Neck_to_Head,Neck,Head,Neck->Head,head_neck,Head / Neck,null,0.004087,0.012855,0.017603,T1 within-timepoint R1 vs R2 (never pooled),252_T1_R1_vs_R2,0.7302,,False,9,7,descriptive only,Above-NV descriptive change only; not a treatment effect. Data are blinded/timepoint-based.,,neutral,neutral,within_nv,#B0B0B0,False
252,252_T1_vs_T2,T1,T2,pooled,ex10_ex15_contiguous,RFArm_to_RHand,RFArm,RHand,RFArm->RHand,right_arm,Right arm,combined,-0.003366,0.034016,0.022686,T1 within-timepoint R1 vs R2 (never pooled),252_T1_R1_vs_R2,1.4994,1.4994,True,9,9,descriptive only,Above-NV descriptive change only; not a treatment effect. Data are blinded/timepoint-based.,,functional_and_null,decreased,moderate,#9ECAE1,True
252,252_T1_vs_T2,T1,T2,pooled,ex10_ex15_contiguous,RFArm_to_RHand,RFArm,RHand,RFArm->RHand,right_arm,Right arm,functional,-0.016348,0.037231,0.00407,T1 within-timepoint R1 vs R2 (never pooled),252_T1_R1_vs_R2,9.1485,,True,9,2,descriptive only,Above-NV descriptive change only; not a treatment effect. Data are blinded/timepoint-based.,,functional_and_null,decreased,strong,#08519C,False
252,252_T1_vs_T2,T1,T2,pooled,ex10_ex15_contiguous,RFArm_to_RHand,RFArm,RHand,RFArm->RHand,right_arm,Right arm,null,0.000343,0.033097,0.028005,T1 within-timepoint R1 vs R2 (never pooled),252_T1_R1_vs_R2,1.1818,,True,9,7,descriptive only,Above-NV descriptive change only; not a treatment effect. Data are blinded/timepoint-based.,,functional_and_null,increased,moderate,#FFD700,False
252,252_T1_vs_T2,T1,T2,pooled,ex10_ex15_contiguous,RShin_to_RFoot,RShin,RFoot,RShin->RFoot,right_leg,Right leg,combined,0.001285,0.06712,0.039144,T1 within-timepoint R1 vs R2 (never pooled),252_T1_R1_vs_R2,1.7147,1.7147,True,9,9,descriptive only,Above-NV descriptive change only; not a treatment effect. Data are blinded/timepoint-based.,,functional_and_null,increased,moderate,#FFD700,True
252,252_T1_vs_T2,T1,T2,pooled,ex10_ex15_contiguous,RShin_to_RFoot,RShin,RFoot,RShin->RFoot,right_leg,Right leg,functional,0.016142,0.06277,0.013365,T1 within-timepoint R1 vs R2 (never pooled),252_T1_R1_vs_R2,4.6966,,True,9,2,descriptive only,Above-NV descriptive change only; not a treatment effect. Data are blinded/timepoint-based.,,functional_and_null,increased,strong,#DC143C,False
252,252_T1_vs_T2,T1,T2,pooled,ex10_ex15_contiguous,RShin_to_RFoot,RShin,RFoot,RShin->RFoot,right_leg,Right leg,null,-0.00296,0.068363,0.046509,T1 within-timepoint R1 vs R2 (never pooled),252_T1_R1_vs_R2,1.4699,,True,9,7,descriptive only,Above-NV descriptive change only; not a treatment effect. Data are blinded/timepoint-based.,,functional_and_null,decreased,moderate,#9ECAE1,False
252,252_T1_vs_T2,T1,T2,pooled,ex10_ex15_contiguous,RShoulder_to_RUArm,RShoulder,RUArm,RShoulder->RUArm,right_arm,Right arm,combined,-0.000419,0.175477,0.113829,T1 within-timepoint R1 vs R2 (never pooled),252_T1_R1_vs_R2,1.5416,1.5416,True,9,9,descriptive only,Above-NV descriptive change only; not a treatment effect. Data are blinded/timepoint-based.,,null_only,decreased,moderate,#B0B0B0,True
252,252_T1_vs_T2,T1,T2,pooled,ex10_ex15_contiguous,RShoulder_to_RUArm,RShoulder,RUArm,RShoulder->RUArm,right_arm,Right arm,functional,-0.022519,0.061367,0.107156,T1 within-timepoint R1 vs R2 (never pooled),252_T1_R1_vs_R2,0.5727,,False,9,2,descriptive only,Above-NV descriptive change only; not a treatment effect. Data are blinded/timepoint-based.,,null_only,neutral,within_nv,#B0B0B0,False
252,252_T1_vs_T2,T1,T2,pooled,ex10_ex15_contiguous,RShoulder_to_RUArm,RShoulder,RUArm,RShoulder->RUArm,right_arm,Right arm,null,0.005896,0.20808,0.115735,T1 within-timepoint R1 vs R2 (never pooled),252_T1_R1_vs_R2,1.7979,,True,9,7,descriptive only,Above-NV descriptive change only; not a treatment effect. Data are blinded/timepoint-based.,,null_only,increased,moderate,#FFD700,False
252,252_T1_vs_T2,T1,T2,pooled,ex10_ex15_contiguous,RThigh_to_RShin,RThigh,RShin,RThigh->RShin,right_leg,Right leg,combined,-0.028134,0.156493,0.122069,T1 within-timepoint R1 vs R2 (never pooled),252_T1_R1_vs_R2,1.282,1.282,True,9,9,descriptive only,Above-NV descriptive change only; not a treatment effect. Data are blinded/timepoint-based.,,functional_and_null,decreased,moderate,#9ECAE1,True
252,252_T1_vs_T2,T1,T2,pooled,ex10_ex15_contiguous,RThigh_to_RShin,RThigh,RShin,RThigh->RShin,right_leg,Right leg,functional,-0.090237,0.306613,0.179694,T1 within-timepoint R1 vs R2 (never pooled),252_T1_R1_vs_R2,1.7063,,True,9,2,descriptive only,Above-NV descriptive change only; not a treatment effect. Data are blinded/timepoint-based.,,functional_and_null,decreased,moderate,#9ECAE1,False
252,252_T1_vs_T2,T1,T2,pooled,ex10_ex15_contiguous,RThigh_to_RShin,RThigh,RShin,RThigh->RShin,right_leg,Right leg,null,-0.010391,0.113602,0.105605,T1 within-timepoint R1 vs R2 (never pooled),252_T1_R1_vs_R2,1.0757,,True,9,7,descriptive only,Above-NV descriptive change only; not a treatment effect. Data are blinded/timepoint-based.,,functional_and_null,decreased,moderate,#9ECAE1,False
252,252_T1_vs_T2,T1,T2,pooled,ex10_ex15_contiguous,RUArm_to_RFArm,RUArm,RFArm,RUArm->RFArm,right_arm,Right arm,combined,0.03907,0.129325,0.167204,T1 within-timepoint R1 vs R2 (never pooled),252_T1_R1_vs_R2,0.7735,0.7735,False,9,9,descriptive only,Above-NV descriptive change only; not a treatment effect. Data are blinded/timepoint-based.,,neutral,neutral,within_nv,#B0B0B0,False
252,252_T1_vs_T2,T1,T2,pooled,ex10_ex15_contiguous,RUArm_to_RFArm,RUArm,RFArm,RUArm->RFArm,right_arm,Right arm,functional,0.086965,0.242591,0.287292,T1 within-timepoint R1 vs R2 (never pooled),252_T1_R1_vs_R2,0.8444,,False,9,2,descriptive only,Above-NV descriptive change only; not a treatment effect. Data are blinded/timepoint-based.,,neutral,neutral,within_nv,#B0B0B0,False
252,252_T1_vs_T2,T1,T2,pooled,ex10_ex15_contiguous,RUArm_to_RFArm,RUArm,RFArm,RUArm->RFArm,right_arm,Right arm,null,0.025385,0.096963,0.132893,T1 within-timepoint R1 vs R2 (never pooled),252_T1_R1_vs_R2,0.7296,,False,9,7,descriptive only,Above-NV descriptive change only; not a treatment effect. Data are blinded/timepoint-based.,,neutral,neutral,within_nv,#B0B0B0,False
