comparison_id,kind,pc,link_id,JRW_A_link,JRW_B_link,JcvPCA_link
671_T1_vs_T2,longitudinal,1,Chest_to_LShoulder,0.11863113834655944,0.028051921560209653,-0.0905792167863498
671_T1_vs_T2,longitudinal,1,Chest_to_Neck,0.0205416250034513,0.022273868579260614,0.0017322435758093148
671_T1_vs_T2,longitudinal,1,Chest_to_RShoulder,0.023158009475626757,0.13834174810804034,0.11518373863241359
671_T1_vs_T2,longitudinal,1,LFArm_to_LHand,0.44394059921326673,0.23483978168867436,-0.20910081752459236
671_T1_vs_T2,longitudinal,1,LShin_to_LFoot,0.04021336503173358,0.0386757502334712,-0.0015376147982623795
671_T1_vs_T2,longitudinal,1,LShoulder_to_LUArm,0.33081200854497084,0.13528545364007608,-0.19552655490489476
671_T1_vs_T2,longitudinal,1,LThigh_to_LShin,0.054471111936466754,0.19635547945750284,0.1418843675210361
671_T1_vs_T2,longitudinal,1,LUArm_to_LFArm,0.7015188181065547,0.24721100695971632,-0.4543078111468384
671_T1_vs_T2,longitudinal,1,Neck_to_Head,0.02054162489166837,0.0222738564568381,0.0017322315651697312
671_T1_vs_T2,longitudinal,1,RFArm_to_RHand,0.3278008705337952,0.6447793638381905,0.31697849330439526
671_T1_vs_T2,longitudinal,1,RShin_to_RFoot,0.052958468148260135,0.08516490983119465,0.03220644168293452
671_T1_vs_T2,longitudinal,1,RShoulder_to_RUArm,0.07008073446125929,0.39984227361510205,0.32976153915384276
671_T1_vs_T2,longitudinal,1,RThigh_to_RShin,0.07005658650244247,0.011526859249624549,-0.058529727252817916
671_T1_vs_T2,longitudinal,1,RUArm_to_RFArm,0.24746007481338722,0.47060147833482485,0.22314140352143763
671_T1_vs_T2,longitudinal,2,Chest_to_LShoulder,0.01974536984761303,0.13901457005021828,0.11926920020260524
671_T1_vs_T2,longitudinal,2,Chest_to_Neck,0.03617042349586546,0.018485324862907358,-0.017685098632958102
671_T1_vs_T2,longitudinal,2,Chest_to_RShoulder,0.12462608978799254,0.07963944050449885,-0.04498664928349369
671_T1_vs_T2,longitudinal,2,LFArm_to_LHand,0.07499168592739953,0.7582142749185294,0.6832225889911299
671_T1_vs_T2,longitudinal,2,LShin_to_LFoot,0.06213626158344763,0.14255854666295284,0.08042228507950522
671_T1_vs_T2,longitudinal,2,LShoulder_to_LUArm,0.04756458062114658,0.44269294527102804,0.39512836464988144
671_T1_vs_T2,longitudinal,2,LThigh_to_LShin,0.1735538315401996,0.01834900557785093,-0.15520482596234866
671_T1_vs_T2,longitudinal,2,LUArm_to_LFArm,0.37606929594233235,0.23404151872022003,-0.14202777722211232
671_T1_vs_T2,longitudinal,2,Neck_to_Head,0.036170419682644867,0.018485328523443565,-0.0176850911592013
671_T1_vs_T2,longitudinal,2,RFArm_to_RHand,0.7724076444651101,0.09668191139099949,-0.6757257330741107
671_T1_vs_T2,longitudinal,2,RShin_to_RFoot,0.11813829769401935,0.10302926872568675,-0.015109028968332591
671_T1_vs_T2,longitudinal,2,RShoulder_to_RUArm,0.3394789342709671,0.1698349082386348,-0.16964402603233228
671_T1_vs_T2,longitudinal,2,RThigh_to_RShin,0.15375676098734972,0.10284157082263688,-0.05091519016471284
671_T1_vs_T2,longitudinal,2,RUArm_to_RFArm,0.22069988504818266,0.26070174351878245,0.04000185847059978
671_T1_vs_T2,longitudinal,3,Chest_to_LShoulder,0.04372193156815082,0.051877369526366506,0.008155437958215689
671_T1_vs_T2,longitudinal,3,Chest_to_Neck,0.019595284478606506,0.022779504839824032,0.003184220361217526
671_T1_vs_T2,longitudinal,3,Chest_to_RShoulder,0.07588213497931325,0.07797013736523213,0.0020880023859188857
671_T1_vs_T2,longitudinal,3,LFArm_to_LHand,0.18545814157086768,0.2798579476483838,0.09439980607751611
671_T1_vs_T2,longitudinal,3,LShin_to_LFoot,0.1702623873534185,0.09330840981923906,-0.07695397753417944
671_T1_vs_T2,longitudinal,3,LShoulder_to_LUArm,0.21710585588397302,0.2754404981037161,0.058334642219743105
671_T1_vs_T2,longitudinal,3,LThigh_to_LShin,0.26306035111355885,0.2866893655455008,0.02362901443194193
671_T1_vs_T2,longitudinal,3,LUArm_to_LFArm,0.22553172186073292,0.3922480634775762,0.16671634161684326
671_T1_vs_T2,longitudinal,3,Neck_to_Head,0.019595304060709213,0.022779481739179794,0.0031841776784705816
671_T1_vs_T2,longitudinal,3,RFArm_to_RHand,0.1817750905170307,0.0655742348785926,-0.1162008556384381
671_T1_vs_T2,longitudinal,3,RShin_to_RFoot,0.19330730321046916,0.035950017434187645,-0.1573572857762815
671_T1_vs_T2,longitudinal,3,RShoulder_to_RUArm,0.17583424507871345,0.1775227852929353,0.0016885402142218509
671_T1_vs_T2,longitudinal,3,RThigh_to_RShin,0.17213074643473558,0.17286271509894138,0.000731968664205801
671_T1_vs_T2,longitudinal,3,RUArm_to_RFArm,0.793738942715783,0.7240577395200433,-0.06968120319573978
671_T1_vs_T2,longitudinal,4,Chest_to_LShoulder,0.019219607037963295,0.03660867036923414,0.017389063331270844
671_T1_vs_T2,longitudinal,4,Chest_to_Neck,0.08416024587730236,0.05263640347568667,-0.031523842401615695
671_T1_vs_T2,longitudinal,4,Chest_to_RShoulder,0.12039520271115826,0.038703351932020055,-0.08169185077913821
671_T1_vs_T2,longitudinal,4,LFArm_to_LHand,0.12126098468725363,0.05494426193260479,-0.06631672275464884
671_T1_vs_T2,longitudinal,4,LShin_to_LFoot,0.22043045191322697,0.28078796280059043,0.060357510887363464
671_T1_vs_T2,longitudinal,4,LShoulder_to_LUArm,0.09974486859604992,0.12877009942324505,0.02902523082719513
671_T1_vs_T2,longitudinal,4,LThigh_to_LShin,0.698527201360962,0.4791166630242911,-0.2194105383366709
671_T1_vs_T2,longitudinal,4,LUArm_to_LFArm,0.13831553394576895,0.2284002446695753,0.09008471072380633
671_T1_vs_T2,longitudinal,4,Neck_to_Head,0.0841602138244663,0.052636360268733286,-0.03152385355573301
671_T1_vs_T2,longitudinal,4,RFArm_to_RHand,0.190458644112412,0.10334348130424867,-0.08711516280816334
671_T1_vs_T2,longitudinal,4,RShin_to_RFoot,0.28387659182641006,0.3723963341322038,0.08851974230579374
671_T1_vs_T2,longitudinal,4,RShoulder_to_RUArm,0.21127578764764166,0.10093215346565682,-0.11034363418198484
671_T1_vs_T2,longitudinal,4,RThigh_to_RShin,0.18322127143102104,0.6577418736711458,0.4745206022401247
671_T1_vs_T2,longitudinal,4,RUArm_to_RFArm,0.44225277694569076,0.13888182959569453,-0.30337094734999626
671_T1_vs_T2,longitudinal,5,Chest_to_LShoulder,0.13463397000203686,0.08551596830485474,-0.049118001697182126
671_T1_vs_T2,longitudinal,5,Chest_to_Neck,0.039488282428561144,0.060353996481655056,0.02086571405309391
671_T1_vs_T2,longitudinal,5,Chest_to_RShoulder,0.08094001591326988,0.11190305375274441,0.03096303783947453
671_T1_vs_T2,longitudinal,5,LFArm_to_LHand,0.6269593269697902,0.17865994768003043,-0.4482993792897597
671_T1_vs_T2,longitudinal,5,LShin_to_LFoot,0.1136125890191965,0.09628659587006641,-0.017325993149130095
671_T1_vs_T2,longitudinal,5,LShoulder_to_LUArm,0.42732075412263837,0.272984716835746,-0.15433603728689238
671_T1_vs_T2,longitudinal,5,LThigh_to_LShin,0.02691830169891375,0.17402842620975487,0.14711012451084113
671_T1_vs_T2,longitudinal,5,LUArm_to_LFArm,0.5247180736556849,0.3006695642857522,-0.2240485093699327
671_T1_vs_T2,longitudinal,5,Neck_to_Head,0.03948828112906437,0.060354010534059345,0.020865729404994975
671_T1_vs_T2,longitudinal,5,RFArm_to_RHand,0.26355093835565907,0.41463658691644456,0.1510856485607855
671_T1_vs_T2,longitudinal,5,RShin_to_RFoot,0.058079170711702294,0.18250138263815263,0.12442221192645034
671_T1_vs_T2,longitudinal,5,RShoulder_to_RUArm,0.12218386450570792,0.2672789708395936,0.1450951063338857
671_T1_vs_T2,longitudinal,5,RThigh_to_RShin,0.007086165467820899,0.22993048215047707,0.22284431668265617
671_T1_vs_T2,longitudinal,5,RUArm_to_RFArm,0.1405342119741226,0.6379215973811073,0.4973873854069847
671_T1_vs_T2,longitudinal,6,Chest_to_LShoulder,0.04230272741644634,0.011091952215623521,-0.03121077520082282
671_T1_vs_T2,longitudinal,6,Chest_to_Neck,0.044549799523537076,0.04930395202768789,0.004754152504150816
671_T1_vs_T2,longitudinal,6,Chest_to_RShoulder,0.14050838697789428,0.08152544045495969,-0.05898294652293459
671_T1_vs_T2,longitudinal,6,LFArm_to_LHand,0.21095871045094386,0.09183525971586001,-0.11912345073508385
671_T1_vs_T2,longitudinal,6,LShin_to_LFoot,0.13509965047115183,0.178999884472196,0.043900234001044175
671_T1_vs_T2,longitudinal,6,LShoulder_to_LUArm,0.15039749212569356,0.13184974434083552,-0.018547747784858043
671_T1_vs_T2,longitudinal,6,LThigh_to_LShin,0.3930773602634286,0.47631082810257397,0.08323346783914537
671_T1_vs_T2,longitudinal,6,LUArm_to_LFArm,0.35765727493711474,0.2976587720311562,-0.05999850290595854
671_T1_vs_T2,longitudinal,6,Neck_to_Head,0.04454979113600968,0.04930395878617472,0.0047541676501650365
671_T1_vs_T2,longitudinal,6,RFArm_to_RHand,0.30250278419485144,0.4548682283764264,0.15236544418157494
671_T1_vs_T2,longitudinal,6,RShin_to_RFoot,0.024586148106769425,0.11242516885941835,0.08783902075264892
671_T1_vs_T2,longitudinal,6,RShoulder_to_RUArm,0.3121813116161052,0.13104935343349694,-0.18113195818260824
671_T1_vs_T2,longitudinal,6,RThigh_to_RShin,0.1505920219943598,0.48972774297362964,0.3391357209792698
671_T1_vs_T2,longitudinal,6,RUArm_to_RFArm,0.6280505761495041,0.37213614965310143,-0.25591442649640267
671_T1_vs_T2,longitudinal,7,Chest_to_LShoulder,0.11397775155101608,0.07906683951650244,-0.034910912034513644
671_T1_vs_T2,longitudinal,7,Chest_to_Neck,0.153421983378407,0.1128254125163078,-0.04059657086209921
671_T1_vs_T2,longitudinal,7,Chest_to_RShoulder,0.11429653118464703,0.0320756134401611,-0.08222091774448592
671_T1_vs_T2,longitudinal,7,LFArm_to_LHand,0.12988646093988646,0.10690381750502437,-0.022982643434862088
671_T1_vs_T2,longitudinal,7,LShin_to_LFoot,0.22649808827986181,0.16003590299158538,-0.06646218528827644
671_T1_vs_T2,longitudinal,7,LShoulder_to_LUArm,0.47745823960577943,0.2225129731214646,-0.2549452664843148
671_T1_vs_T2,longitudinal,7,LThigh_to_LShin,0.1515900123311788,0.3806024639999473,0.2290124516687685
671_T1_vs_T2,longitudinal,7,LUArm_to_LFArm,0.19566114698187556,0.7371246056172174,0.5414634586353418
671_T1_vs_T2,longitudinal,7,Neck_to_Head,0.15342201047659837,0.11282541541176318,-0.04059659506483519
671_T1_vs_T2,longitudinal,7,RFArm_to_RHand,0.12171729719390664,0.13668233633277785,0.014965039138871206
671_T1_vs_T2,longitudinal,7,RShin_to_RFoot,0.11450232396499334,0.030112229619995698,-0.08439009434499764
671_T1_vs_T2,longitudinal,7,RShoulder_to_RUArm,0.3564055808821776,0.0896562743867868,-0.2667493064953908
671_T1_vs_T2,longitudinal,7,RThigh_to_RShin,0.5799021890653966,0.03439031699591445,-0.5455118720694822
671_T1_vs_T2,longitudinal,7,RUArm_to_RFArm,0.27969684241604864,0.404583530931403,0.12488668851535434
671_T1_vs_T2,longitudinal,8,Chest_to_LShoulder,0.08627760515309184,0.12394758036808345,0.037669975214991616
671_T1_vs_T2,longitudinal,8,Chest_to_Neck,0.1293163564903688,0.07664641970267277,-0.05266993678769602
671_T1_vs_T2,longitudinal,8,Chest_to_RShoulder,0.1612568067167174,0.25919875386550373,0.09794194714878632
671_T1_vs_T2,longitudinal,8,LFArm_to_LHand,0.06618080055774862,0.05023066999618077,-0.015950130561567855
671_T1_vs_T2,longitudinal,8,LShin_to_LFoot,0.13513822997641825,0.13483739227034916,-0.0003008377060690903
671_T1_vs_T2,longitudinal,8,LShoulder_to_LUArm,0.2772937597369506,0.3040089618121898,0.026715202075239197
671_T1_vs_T2,longitudinal,8,LThigh_to_LShin,0.16046936678842008,0.2294325711929522,0.06896320440453213
671_T1_vs_T2,longitudinal,8,LUArm_to_LFArm,0.42213335008577163,0.2855655151673684,-0.13656783491840324
671_T1_vs_T2,longitudinal,8,Neck_to_Head,0.12931640136247602,0.076646462997775,-0.05266993836470102
671_T1_vs_T2,longitudinal,8,RFArm_to_RHand,0.13375546353644227,0.30598351897959614,0.17222805544315387
671_T1_vs_T2,longitudinal,8,RShin_to_RFoot,0.199833285255926,0.22434107647596452,0.024507791220038516
671_T1_vs_T2,longitudinal,8,RShoulder_to_RUArm,0.4611162812363651,0.6594886170407069,0.19837233580434183
671_T1_vs_T2,longitudinal,8,RThigh_to_RShin,0.5558472852385896,0.22344977208002462,-0.33239751315856503
671_T1_vs_T2,longitudinal,8,RUArm_to_RFArm,0.22407056585841273,0.17199162956398847,-0.052078936294424255
671_T1_vs_T2,longitudinal,9,Chest_to_LShoulder,0.15283249738820934,0.16510173184885374,0.012269234460644401
671_T1_vs_T2,longitudinal,9,Chest_to_Neck,0.08389912833281014,0.17673770595741972,0.09283857762460958
671_T1_vs_T2,longitudinal,9,Chest_to_RShoulder,0.18002244916222135,0.11683658441560833,-0.06318586474661302
671_T1_vs_T2,longitudinal,9,LFArm_to_LHand,0.2474567606780012,0.0786777045320195,-0.1687790561459817
671_T1_vs_T2,longitudinal,9,LShin_to_LFoot,0.15001012081467044,0.1086812763396329,-0.04132884447503754
671_T1_vs_T2,longitudinal,9,LShoulder_to_LUArm,0.49530714968855605,0.6193753979532717,0.12406824826471563
671_T1_vs_T2,longitudinal,9,LThigh_to_LShin,0.15413712530522525,0.11251877635100481,-0.04161834895422044
671_T1_vs_T2,longitudinal,9,LUArm_to_LFArm,0.23586868466775984,0.5030874403248075,0.2672187556570476
671_T1_vs_T2,longitudinal,9,Neck_to_Head,0.08389915812140757,0.1767377498457769,0.09283859172436933
671_T1_vs_T2,longitudinal,9,RFArm_to_RHand,0.2831601673292836,0.3406343203493967,0.057474153020113106
671_T1_vs_T2,longitudinal,9,RShin_to_RFoot,0.25188748758496854,0.012752454608158981,-0.23913503297680955
671_T1_vs_T2,longitudinal,9,RShoulder_to_RUArm,0.4409666265683578,0.2832107863518268,-0.157755840216531
671_T1_vs_T2,longitudinal,9,RThigh_to_RShin,0.239449069018297,0.005995387961945972,-0.233453681056351
671_T1_vs_T2,longitudinal,9,RUArm_to_RFArm,0.35536214882520534,0.18109221414128723,-0.1742699346839181
671_T1_vs_T3,longitudinal,1,Chest_to_LShoulder,0.11863113834655944,0.09939184882480499,-0.019239289521754452
671_T1_vs_T3,longitudinal,1,Chest_to_Neck,0.0205416250034513,0.034668307514034935,0.014126682510583636
671_T1_vs_T3,longitudinal,1,Chest_to_RShoulder,0.023158009475626757,0.11837588568897937,0.09521787621335262
671_T1_vs_T3,longitudinal,1,LFArm_to_LHand,0.44394059921326673,0.4685773423954276,0.02463674318216086
671_T1_vs_T3,longitudinal,1,LShin_to_LFoot,0.04021336503173358,0.09111619662365132,0.05090283159191774
671_T1_vs_T3,longitudinal,1,LShoulder_to_LUArm,0.33081200854497084,0.3179171059185245,-0.012894902626446325
671_T1_vs_T3,longitudinal,1,LThigh_to_LShin,0.054471111936466754,0.23915831704599994,0.18468720510953318
671_T1_vs_T3,longitudinal,1,LUArm_to_LFArm,0.7015188181065547,0.4539740625615742,-0.2475447555449805
671_T1_vs_T3,longitudinal,1,Neck_to_Head,0.02054162489166837,0.0346683569263329,0.014126732034664528
671_T1_vs_T3,longitudinal,1,RFArm_to_RHand,0.3278008705337952,0.2874911324640131,-0.04030973806978211
671_T1_vs_T3,longitudinal,1,RShin_to_RFoot,0.052958468148260135,0.04207500937437547,-0.010883458773884663
671_T1_vs_T3,longitudinal,1,RShoulder_to_RUArm,0.07008073446125929,0.3237845365420847,0.25370380208082544
671_T1_vs_T3,longitudinal,1,RThigh_to_RShin,0.07005658650244247,0.09986033023098892,0.029803743728546453
671_T1_vs_T3,longitudinal,1,RUArm_to_RFArm,0.24746007481338722,0.4269043579300887,0.17944428311670146
671_T1_vs_T3,longitudinal,2,Chest_to_LShoulder,0.01974536984761303,0.05397874378365533,0.0342333739360423
671_T1_vs_T3,longitudinal,2,Chest_to_Neck,0.03617042349586546,0.05060589453188415,0.014435471036018693
671_T1_vs_T3,longitudinal,2,Chest_to_RShoulder,0.12462608978799254,0.18077136902961016,0.05614527924161762
671_T1_vs_T3,longitudinal,2,LFArm_to_LHand,0.07499168592739953,0.3772016930752907,0.3022100071478912
671_T1_vs_T3,longitudinal,2,LShin_to_LFoot,0.06213626158344763,0.0737952749098608,0.011659013326413177
671_T1_vs_T3,longitudinal,2,LShoulder_to_LUArm,0.04756458062114658,0.2533929916664982,0.20582841104535163
671_T1_vs_T3,longitudinal,2,LThigh_to_LShin,0.1735538315401996,0.3355637336355423,0.16200990209534272
671_T1_vs_T3,longitudinal,2,LUArm_to_LFArm,0.37606929594233235,0.061304973592405644,-0.3147643223499267
671_T1_vs_T3,longitudinal,2,Neck_to_Head,0.036170419682644867,0.05060590535537157,0.014435485672726706
671_T1_vs_T3,longitudinal,2,RFArm_to_RHand,0.7724076444651101,0.42924533751530125,-0.34316230694980887
671_T1_vs_T3,longitudinal,2,RShin_to_RFoot,0.11813829769401935,0.14148111622286078,0.02334281852884143
671_T1_vs_T3,longitudinal,2,RShoulder_to_RUArm,0.3394789342709671,0.49546320825597573,0.15598427398500864
671_T1_vs_T3,longitudinal,2,RThigh_to_RShin,0.15375676098734972,0.08020539824389528,-0.07355136274345445
671_T1_vs_T3,longitudinal,2,RUArm_to_RFArm,0.22069988504818266,0.4180965717023458,0.19739668665416316
671_T1_vs_T3,longitudinal,3,Chest_to_LShoulder,0.04372193156815082,0.060247707144581705,0.01652577557643089
671_T1_vs_T3,longitudinal,3,Chest_to_Neck,0.019595284478606506,0.07166431416641988,0.05206902968781338
671_T1_vs_T3,longitudinal,3,Chest_to_RShoulder,0.07588213497931325,0.08661571264530843,0.010733577665995184
671_T1_vs_T3,longitudinal,3,LFArm_to_LHand,0.18545814157086768,0.12182891590051312,-0.06362922567035456
671_T1_vs_T3,longitudinal,3,LShin_to_LFoot,0.1702623873534185,0.11677804258804142,-0.053484344765377084
671_T1_vs_T3,longitudinal,3,LShoulder_to_LUArm,0.21710585588397302,0.18495010562988656,-0.03215575025408646
671_T1_vs_T3,longitudinal,3,LThigh_to_LShin,0.26306035111355885,0.14091210715925492,-0.12214824395430393
671_T1_vs_T3,longitudinal,3,LUArm_to_LFArm,0.22553172186073292,0.5204789912179039,0.29494726935717097
671_T1_vs_T3,longitudinal,3,Neck_to_Head,0.019595304060709213,0.07166432680507999,0.05206902274437078
671_T1_vs_T3,longitudinal,3,RFArm_to_RHand,0.1817750905170307,0.32398127398256027,0.14220618346552957
671_T1_vs_T3,longitudinal,3,RShin_to_RFoot,0.19330730321046916,0.13223286062727835,-0.06107444258319081
671_T1_vs_T3,longitudinal,3,RShoulder_to_RUArm,0.17583424507871345,0.1426901662943953,-0.03314407878431816
671_T1_vs_T3,longitudinal,3,RThigh_to_RShin,0.17213074643473558,0.20872091690766717,0.03659017047293159
671_T1_vs_T3,longitudinal,3,RUArm_to_RFArm,0.793738942715783,0.6624058745335055,-0.13133306818227752
671_T1_vs_T3,longitudinal,4,Chest_to_LShoulder,0.019219607037963295,0.020261014931376137,0.0010414078934128414
671_T1_vs_T3,longitudinal,4,Chest_to_Neck,0.08416024587730236,0.034193952653602554,-0.04996629322369981
671_T1_vs_T3,longitudinal,4,Chest_to_RShoulder,0.12039520271115826,0.040170288304551674,-0.08022491440660659
671_T1_vs_T3,longitudinal,4,LFArm_to_LHand,0.12126098468725363,0.033997670155375075,-0.08726331453187855
671_T1_vs_T3,longitudinal,4,LShin_to_LFoot,0.22043045191322697,0.2989182560411731,0.07848780412794615
671_T1_vs_T3,longitudinal,4,LShoulder_to_LUArm,0.09974486859604992,0.03645058324367227,-0.06329428535237765
671_T1_vs_T3,longitudinal,4,LThigh_to_LShin,0.698527201360962,0.6378113940778695,-0.06071580728309256
671_T1_vs_T3,longitudinal,4,LUArm_to_LFArm,0.13831553394576895,0.22330939875353042,0.08499386480776147
671_T1_vs_T3,longitudinal,4,Neck_to_Head,0.0841602138244663,0.03419394093902652,-0.049966272885439776
671_T1_vs_T3,longitudinal,4,RFArm_to_RHand,0.190458644112412,0.1554639501006769,-0.034994694011735106
671_T1_vs_T3,longitudinal,4,RShin_to_RFoot,0.28387659182641006,0.3522120712209746,0.06833547939456452
671_T1_vs_T3,longitudinal,4,RShoulder_to_RUArm,0.21127578764764166,0.13484077658795407,-0.07643501105968759
671_T1_vs_T3,longitudinal,4,RThigh_to_RShin,0.18322127143102104,0.31114628190590216,0.1279250104748811
671_T1_vs_T3,longitudinal,4,RUArm_to_RFArm,0.44225277694569076,0.428851825425012,-0.013400951520678772
671_T1_vs_T3,longitudinal,5,Chest_to_LShoulder,0.13463397000203686,0.11972969290011495,-0.014904277101921909
671_T1_vs_T3,longitudinal,5,Chest_to_Neck,0.039488282428561144,0.04962898003687247,0.010140697608311329
671_T1_vs_T3,longitudinal,5,Chest_to_RShoulder,0.08094001591326988,0.15187051697015966,0.07093050105688978
671_T1_vs_T3,longitudinal,5,LFArm_to_LHand,0.6269593269697902,0.32951320013977553,-0.29744612683001465
671_T1_vs_T3,longitudinal,5,LShin_to_LFoot,0.1136125890191965,0.049621541068000874,-0.06399104795119563
671_T1_vs_T3,longitudinal,5,LShoulder_to_LUArm,0.42732075412263837,0.2926941374263437,-0.13462661669629467
671_T1_vs_T3,longitudinal,5,LThigh_to_LShin,0.02691830169891375,0.11384658052101447,0.08692827882210072
671_T1_vs_T3,longitudinal,5,LUArm_to_LFArm,0.5247180736556849,0.49614278070073464,-0.02857529295495026
671_T1_vs_T3,longitudinal,5,Neck_to_Head,0.03948828112906437,0.04962897888463019,0.010140697755565822
671_T1_vs_T3,longitudinal,5,RFArm_to_RHand,0.26355093835565907,0.2029140680169331,-0.06063687033872597
671_T1_vs_T3,longitudinal,5,RShin_to_RFoot,0.058079170711702294,0.164567581176897,0.1064884104651947
671_T1_vs_T3,longitudinal,5,RShoulder_to_RUArm,0.12218386450570792,0.44978652623997045,0.32760266173426256
671_T1_vs_T3,longitudinal,5,RThigh_to_RShin,0.007086165467820899,0.2896025608400954,0.28251639537227446
671_T1_vs_T3,longitudinal,5,RUArm_to_RFArm,0.1405342119741226,0.38394022721905413,0.24340601524493152
671_T1_vs_T3,longitudinal,6,Chest_to_LShoulder,0.04230272741644634,0.08054698727557669,0.038244259859130346
671_T1_vs_T3,longitudinal,6,Chest_to_Neck,0.044549799523537076,0.1394339901513166,0.09488419062777953
671_T1_vs_T3,longitudinal,6,Chest_to_RShoulder,0.14050838697789428,0.10561095422065869,-0.034897432757235586
671_T1_vs_T3,longitudinal,6,LFArm_to_LHand,0.21095871045094386,0.4760639609571907,0.2651052505062469
671_T1_vs_T3,longitudinal,6,LShin_to_LFoot,0.13509965047115183,0.2077965897656703,0.07269693929451848
671_T1_vs_T3,longitudinal,6,LShoulder_to_LUArm,0.15039749212569356,0.35287416597790505,0.2024766738522115
671_T1_vs_T3,longitudinal,6,LThigh_to_LShin,0.3930773602634286,0.16355833329195568,-0.22951902697147292
671_T1_vs_T3,longitudinal,6,LUArm_to_LFArm,0.35765727493711474,0.5149928037322187,0.15733552879510393
671_T1_vs_T3,longitudinal,6,Neck_to_Head,0.04454979113600968,0.1394340139896323,0.09488422285362261
671_T1_vs_T3,longitudinal,6,RFArm_to_RHand,0.30250278419485144,0.08795542401636784,-0.21454736017848358
671_T1_vs_T3,longitudinal,6,RShin_to_RFoot,0.024586148106769425,0.10463655621575799,0.08005040810898856
671_T1_vs_T3,longitudinal,6,RShoulder_to_RUArm,0.3121813116161052,0.24715563324613868,-0.0650256783699665
671_T1_vs_T3,longitudinal,6,RThigh_to_RShin,0.1505920219943598,0.33600552071770523,0.18541349872334542
671_T1_vs_T3,longitudinal,6,RUArm_to_RFArm,0.6280505761495041,0.25396620616466686,-0.37408436998483724
671_T1_vs_T3,longitudinal,7,Chest_to_LShoulder,0.11397775155101608,0.04908474451930654,-0.06489300703170954
671_T1_vs_T3,longitudinal,7,Chest_to_Neck,0.153421983378407,0.010198048708371597,-0.1432239346700354
671_T1_vs_T3,longitudinal,7,Chest_to_RShoulder,0.11429653118464703,0.04458232844292833,-0.06971420274171869
671_T1_vs_T3,longitudinal,7,LFArm_to_LHand,0.12988646093988646,0.12375924376268327,-0.006127217177203187
671_T1_vs_T3,longitudinal,7,LShin_to_LFoot,0.22649808827986181,0.13126145295662736,-0.09523663532323445
671_T1_vs_T3,longitudinal,7,LShoulder_to_LUArm,0.47745823960577943,0.19189395946781568,-0.28556428013796376
671_T1_vs_T3,longitudinal,7,LThigh_to_LShin,0.1515900123311788,0.36211087760123606,0.21052086527005726
671_T1_vs_T3,longitudinal,7,LUArm_to_LFArm,0.19566114698187556,0.47835369968703606,0.28269255270516047
671_T1_vs_T3,longitudinal,7,Neck_to_Head,0.15342201047659837,0.010198083918795807,-0.14322392655780256
671_T1_vs_T3,longitudinal,7,RFArm_to_RHand,0.12171729719390664,0.3364912558904355,0.21477395869652885
671_T1_vs_T3,longitudinal,7,RShin_to_RFoot,0.11450232396499334,0.13621846434130205,0.021716140376308715
671_T1_vs_T3,longitudinal,7,RShoulder_to_RUArm,0.3564055808821776,0.12604415127068191,-0.2303614296114957
671_T1_vs_T3,longitudinal,7,RThigh_to_RShin,0.5799021890653966,0.6318113117241584,0.0519091226587618
671_T1_vs_T3,longitudinal,7,RUArm_to_RFArm,0.27969684241604864,0.13865368697582564,-0.141043155440223
671_T1_vs_T3,longitudinal,8,Chest_to_LShoulder,0.08627760515309184,0.1728910816190543,0.08661347646596247
671_T1_vs_T3,longitudinal,8,Chest_to_Neck,0.1293163564903688,0.11827711504631178,-0.011039241444057019
671_T1_vs_T3,longitudinal,8,Chest_to_RShoulder,0.1612568067167174,0.16788274075869916,0.006625934041981751
671_T1_vs_T3,longitudinal,8,LFArm_to_LHand,0.06618080055774862,0.07926814647618911,0.01308734591844049
671_T1_vs_T3,longitudinal,8,LShin_to_LFoot,0.13513822997641825,0.12077625592414518,-0.014361974052273074
671_T1_vs_T3,longitudinal,8,LShoulder_to_LUArm,0.2772937597369506,0.6376965171652342,0.36040275742828365
671_T1_vs_T3,longitudinal,8,LThigh_to_LShin,0.16046936678842008,0.22300179859841113,0.06253243180999105
671_T1_vs_T3,longitudinal,8,LUArm_to_LFArm,0.42213335008577163,0.14057360643874967,-0.28155974364702196
671_T1_vs_T3,longitudinal,8,Neck_to_Head,0.12931640136247602,0.11827714061033219,-0.011039260752143829
671_T1_vs_T3,longitudinal,8,RFArm_to_RHand,0.13375546353644227,0.4276467326642156,0.2938912691277733
671_T1_vs_T3,longitudinal,8,RShin_to_RFoot,0.199833285255926,0.12159246007279334,-0.07824082518313266
671_T1_vs_T3,longitudinal,8,RShoulder_to_RUArm,0.4611162812363651,0.29238673764266415,-0.16872954359370096
671_T1_vs_T3,longitudinal,8,RThigh_to_RShin,0.5558472852385896,0.2495376836121706,-0.306309601626419
671_T1_vs_T3,longitudinal,8,RUArm_to_RFArm,0.22407056585841273,0.2673979339293905,0.043327368070977756
671_T1_vs_T3,longitudinal,9,Chest_to_LShoulder,0.15283249738820934,0.10245089062021298,-0.050381606767996356
671_T1_vs_T3,longitudinal,9,Chest_to_Neck,0.08389912833281014,0.11821624285436602,0.03431711452155588
671_T1_vs_T3,longitudinal,9,Chest_to_RShoulder,0.18002244916222135,0.1178681072351864,-0.06215434192703495
671_T1_vs_T3,longitudinal,9,LFArm_to_LHand,0.2474567606780012,0.19290715155547603,-0.05454960912252518
671_T1_vs_T3,longitudinal,9,LShin_to_LFoot,0.15001012081467044,0.10994571340927786,-0.04006440740539258
671_T1_vs_T3,longitudinal,9,LShoulder_to_LUArm,0.49530714968855605,0.264022943685667,-0.23128420600288907
671_T1_vs_T3,longitudinal,9,LThigh_to_LShin,0.15413712530522525,0.03042802054547112,-0.12370910475975413
671_T1_vs_T3,longitudinal,9,LUArm_to_LFArm,0.23586868466775984,0.297219643588588,0.06135095892082815
671_T1_vs_T3,longitudinal,9,Neck_to_Head,0.08389915812140757,0.11821624424999798,0.03431708612859041
671_T1_vs_T3,longitudinal,9,RFArm_to_RHand,0.2831601673292836,0.5533371570929638,0.2701769897636802
671_T1_vs_T3,longitudinal,9,RShin_to_RFoot,0.25188748758496854,0.14313074296852465,-0.10875674461644388
671_T1_vs_T3,longitudinal,9,RShoulder_to_RUArm,0.4409666265683578,0.2976062818337028,-0.14336034473465498
671_T1_vs_T3,longitudinal,9,RThigh_to_RShin,0.239449069018297,0.0453818486263445,-0.19406722039195248
671_T1_vs_T3,longitudinal,9,RUArm_to_RFArm,0.35536214882520534,0.5675285093056198,0.21216636048041448
671_T1_R1_vs_R2,natural_variability,1,Chest_to_LShoulder,0.13567999493070593,0.1275559879511826,-0.00812400697952334
671_T1_R1_vs_R2,natural_variability,1,Chest_to_Neck,0.07536481229413783,0.028029355504049527,-0.0473354567900883
671_T1_R1_vs_R2,natural_variability,1,Chest_to_RShoulder,0.08185110382323092,0.014353311268655865,-0.06749779255457505
671_T1_R1_vs_R2,natural_variability,1,LFArm_to_LHand,0.4143108585215971,0.3636323749708669,-0.05067848355073018
671_T1_R1_vs_R2,natural_variability,1,LShin_to_LFoot,0.06977835757970746,0.07929814421152824,0.009519786631820779
671_T1_R1_vs_R2,natural_variability,1,LShoulder_to_LUArm,0.3412681894669237,0.3609951976382336,0.0197270081713099
671_T1_R1_vs_R2,natural_variability,1,LThigh_to_LShin,0.18888901522708176,0.1418251430700895,-0.04706387215699226
671_T1_R1_vs_R2,natural_variability,1,LUArm_to_LFArm,0.7120437481625844,0.6453806566802226,-0.06666309148236182
671_T1_R1_vs_R2,natural_variability,1,Neck_to_Head,0.07536480925542063,0.028029342811013606,-0.04733546644440703
671_T1_R1_vs_R2,natural_variability,1,RFArm_to_RHand,0.1905004507176405,0.2817890000839082,0.09128854936626773
671_T1_R1_vs_R2,natural_variability,1,RShin_to_RFoot,0.09749538676648867,0.1012140619872549,0.0037186752207662294
671_T1_R1_vs_R2,natural_variability,1,RShoulder_to_RUArm,0.1749364198440695,0.1292993448069763,-0.04563707503709319
671_T1_R1_vs_R2,natural_variability,1,RThigh_to_RShin,0.006035874315849639,0.05269545974124374,0.0466595854253941
671_T1_R1_vs_R2,natural_variability,1,RUArm_to_RFArm,0.2267704307288741,0.40907567620657853,0.18230524547770444
671_T1_R1_vs_R2,natural_variability,2,Chest_to_LShoulder,0.02816611222302198,0.02437155415449719,-0.00379455806852479
671_T1_R1_vs_R2,natural_variability,2,Chest_to_Neck,0.050657048234294816,0.07371230547826885,0.02305525724397403
671_T1_R1_vs_R2,natural_variability,2,Chest_to_RShoulder,0.12086769344266822,0.11499280844314017,-0.005874884999528054
671_T1_R1_vs_R2,natural_variability,2,LFArm_to_LHand,0.034010605134753465,0.1492386622524745,0.11522805711772105
671_T1_R1_vs_R2,natural_variability,2,LShin_to_LFoot,0.07125038405776597,0.14782558022674042,0.07657519616897444
671_T1_R1_vs_R2,natural_variability,2,LShoulder_to_LUArm,0.11637767563798163,0.05346694251300605,-0.06291073312497558
671_T1_R1_vs_R2,natural_variability,2,LThigh_to_LShin,0.13496940555964396,0.15691297903268778,0.02194357347304382
671_T1_R1_vs_R2,natural_variability,2,LUArm_to_LFArm,0.23586096753384697,0.403679704080287,0.16781873654644006
671_T1_R1_vs_R2,natural_variability,2,Neck_to_Head,0.050657039446061376,0.07371230326524628,0.0230552638191849
671_T1_R1_vs_R2,natural_variability,2,RFArm_to_RHand,0.8437937339852779,0.7783412220893419,-0.06545251189593604
671_T1_R1_vs_R2,natural_variability,2,RShin_to_RFoot,0.08269781515643203,0.13295550928472255,0.05025769412829052
671_T1_R1_vs_R2,natural_variability,2,RShoulder_to_RUArm,0.2796368864261267,0.3000495271618278,0.020412640735701093
671_T1_R1_vs_R2,natural_variability,2,RThigh_to_RShin,0.1424940911815407,0.12150504273848428,-0.020989048443056407
671_T1_R1_vs_R2,natural_variability,2,RUArm_to_RFArm,0.2617499033172371,0.11166007886449579,-0.15008982445274127
671_T1_R1_vs_R2,natural_variability,3,Chest_to_LShoulder,0.05437659239167809,0.03458426683726078,-0.01979232555441731
671_T1_R1_vs_R2,natural_variability,3,Chest_to_Neck,0.04484668788307305,0.0578642839571817,0.013017596074108649
671_T1_R1_vs_R2,natural_variability,3,Chest_to_RShoulder,0.06566795452668626,0.07821900557021169,0.012551051043525427
671_T1_R1_vs_R2,natural_variability,3,LFArm_to_LHand,0.06012606601662789,0.025273073156382508,-0.03485299286024539
671_T1_R1_vs_R2,natural_variability,3,LShin_to_LFoot,0.22577698050450007,0.28761268369890103,0.06183570319440096
671_T1_R1_vs_R2,natural_variability,3,LShoulder_to_LUArm,0.19883030216226777,0.12184219711368108,-0.07698810504858669
671_T1_R1_vs_R2,natural_variability,3,LThigh_to_LShin,0.37191475611258895,0.5892087968474445,0.2172940407348556
671_T1_R1_vs_R2,natural_variability,3,LUArm_to_LFArm,0.059237010369746254,0.19789883296257382,0.13866182259282755
671_T1_R1_vs_R2,natural_variability,3,Neck_to_Head,0.04484668511493133,0.05786426628691777,0.01301758117198644
671_T1_R1_vs_R2,natural_variability,3,RFArm_to_RHand,0.2909307564159327,0.17936403228372952,-0.11156672413220317
671_T1_R1_vs_R2,natural_variability,3,RShin_to_RFoot,0.29641832642271754,0.40994021914904616,0.11352189272632862
671_T1_R1_vs_R2,natural_variability,3,RShoulder_to_RUArm,0.15062262000159118,0.10789229395691242,-0.04273032604467876
671_T1_R1_vs_R2,natural_variability,3,RThigh_to_RShin,0.17263877044861256,0.2761713489639213,0.10353257851530875
671_T1_R1_vs_R2,natural_variability,3,RUArm_to_RFArm,0.7264703162359694,0.4618648147760852,-0.26460550145988415
671_T1_R1_vs_R2,natural_variability,4,Chest_to_LShoulder,0.03421163431824605,0.08755901089859193,0.05334737658034588
671_T1_R1_vs_R2,natural_variability,4,Chest_to_Neck,0.0832165026055143,0.07921419306323432,-0.00400230954227998
671_T1_R1_vs_R2,natural_variability,4,Chest_to_RShoulder,0.09163529746834317,0.10437964991592907,0.0127443524475859
671_T1_R1_vs_R2,natural_variability,4,LFArm_to_LHand,0.05272220635085376,0.33248179243626597,0.2797595860854122
671_T1_R1_vs_R2,natural_variability,4,LShin_to_LFoot,0.23979427291298916,0.0863386037520908,-0.15345566916089837
671_T1_R1_vs_R2,natural_variability,4,LShoulder_to_LUArm,0.15946172416831994,0.25088799734215034,0.0914262731738304
671_T1_R1_vs_R2,natural_variability,4,LThigh_to_LShin,0.6498532362468061,0.22975278742535318,-0.4201004488214529
671_T1_R1_vs_R2,natural_variability,4,LUArm_to_LFArm,0.3466407863940834,0.2738487736456809,-0.07279201274840252
671_T1_R1_vs_R2,natural_variability,4,Neck_to_Head,0.08321644903438935,0.07921413253588248,-0.0040023164985068665
671_T1_R1_vs_R2,natural_variability,4,RFArm_to_RHand,0.038582313355809424,0.12292159836375449,0.08433928500794508
671_T1_R1_vs_R2,natural_variability,4,RShin_to_RFoot,0.2592959972222874,0.10630085030939175,-0.15299514691289567
671_T1_R1_vs_R2,natural_variability,4,RShoulder_to_RUArm,0.2367510189883136,0.21738729903095685,-0.01936371995735675
671_T1_R1_vs_R2,natural_variability,4,RThigh_to_RShin,0.018641730226913532,0.05274446322286281,0.03410273299594928
671_T1_R1_vs_R2,natural_variability,4,RUArm_to_RFArm,0.47252827975759404,0.7640137149616898,0.29148543520409576
671_T1_R1_vs_R2,natural_variability,5,Chest_to_LShoulder,0.1042323432722185,0.09320443136406902,-0.011027911908149488
671_T1_R1_vs_R2,natural_variability,5,Chest_to_Neck,0.0385965903106311,0.11190353678099466,0.07330694647036357
671_T1_R1_vs_R2,natural_variability,5,Chest_to_RShoulder,0.08299897433889832,0.052501149821330265,-0.03049782451756805
671_T1_R1_vs_R2,natural_variability,5,LFArm_to_LHand,0.6836944612375647,0.3798963417186352,-0.30379811951892954
671_T1_R1_vs_R2,natural_variability,5,LShin_to_LFoot,0.22303545638418687,0.27719432812573713,0.05415887174155026
671_T1_R1_vs_R2,natural_variability,5,LShoulder_to_LUArm,0.28339468529984135,0.31709595660001466,0.03370127130017331
671_T1_R1_vs_R2,natural_variability,5,LThigh_to_LShin,0.07756095713725462,0.3763855674455934,0.2988246103083388
671_T1_R1_vs_R2,natural_variability,5,LUArm_to_LFArm,0.4389771582257775,0.45018294213609134,0.011205783910313849
671_T1_R1_vs_R2,natural_variability,5,Neck_to_Head,0.03859661364876277,0.11190354178514039,0.07330692813637762
671_T1_R1_vs_R2,natural_variability,5,RFArm_to_RHand,0.14519211492200604,0.3090490892464548,0.16385697432444876
671_T1_R1_vs_R2,natural_variability,5,RShin_to_RFoot,0.11498249872964593,0.15149534460245698,0.03651284587281105
671_T1_R1_vs_R2,natural_variability,5,RShoulder_to_RUArm,0.18081584938959228,0.17432371066482588,-0.006492138724766394
671_T1_R1_vs_R2,natural_variability,5,RThigh_to_RShin,0.007388420828945757,0.22325114383977768,0.21586272301083193
671_T1_R1_vs_R2,natural_variability,5,RUArm_to_RFArm,0.3405944535658246,0.3142947696786776,-0.026299683887146985
671_T1_R1_vs_R2,natural_variability,6,Chest_to_LShoulder,0.10838474317256917,0.07799193013623411,-0.030392813036335065
671_T1_R1_vs_R2,natural_variability,6,Chest_to_Neck,0.08910989759952342,0.06174872162291173,-0.027361175976611696
671_T1_R1_vs_R2,natural_variability,6,Chest_to_RShoulder,0.1333389560687353,0.10187464647939798,-0.031464309589337325
671_T1_R1_vs_R2,natural_variability,6,LFArm_to_LHand,0.12618915614038043,0.5210391379224567,0.3948499817820763
671_T1_R1_vs_R2,natural_variability,6,LShin_to_LFoot,0.10857860161918599,0.13960949462524158,0.03103089300605559
671_T1_R1_vs_R2,natural_variability,6,LShoulder_to_LUArm,0.5890838207395467,0.2756377143245954,-0.3134461064149513
671_T1_R1_vs_R2,natural_variability,6,LThigh_to_LShin,0.020771839038517603,0.21384790733447082,0.19307606829595322
671_T1_R1_vs_R2,natural_variability,6,LUArm_to_LFArm,0.0475678601194052,0.3737333179102372,0.32616545779083195
671_T1_R1_vs_R2,natural_variability,6,Neck_to_Head,0.08910986504894867,0.0617486453014645,-0.027361219747484178
671_T1_R1_vs_R2,natural_variability,6,RFArm_to_RHand,0.16791683072717675,0.3157927049344515,0.14787587420727474
671_T1_R1_vs_R2,natural_variability,6,RShin_to_RFoot,0.1945807881648805,0.08567512974255734,-0.10890565842232316
671_T1_R1_vs_R2,natural_variability,6,RShoulder_to_RUArm,0.2906298506991165,0.0653568846066925,-0.225272966092424
671_T1_R1_vs_R2,natural_variability,6,RThigh_to_RShin,0.5401426884056272,0.11384472417225151,-0.4262979642333757
671_T1_R1_vs_R2,natural_variability,6,RUArm_to_RFArm,0.3672707650976582,0.5470460193658445,0.1797752542681863
671_T1_R1_vs_R2,natural_variability,7,Chest_to_LShoulder,0.05259240535964234,0.0968747082154916,0.04428230285584926
671_T1_R1_vs_R2,natural_variability,7,Chest_to_Neck,0.07546598744139661,0.12728232781289037,0.051816340371493755
671_T1_R1_vs_R2,natural_variability,7,Chest_to_RShoulder,0.07409108868983423,0.107249661440833,0.033158572750998774
671_T1_R1_vs_R2,natural_variability,7,LFArm_to_LHand,0.19535246170668932,0.27173516820953336,0.07638270650284404
671_T1_R1_vs_R2,natural_variability,7,LShin_to_LFoot,0.21289409186628824,0.19412637507801858,-0.01876771678826966
671_T1_R1_vs_R2,natural_variability,7,LShoulder_to_LUArm,0.18455989071093723,0.4762085104927174,0.29164861978178014
671_T1_R1_vs_R2,natural_variability,7,LThigh_to_LShin,0.2793857582611493,0.273124087659757,-0.006261670601392322
671_T1_R1_vs_R2,natural_variability,7,LUArm_to_LFArm,0.3795105556559496,0.3827496464182949,0.003239090762345298
671_T1_R1_vs_R2,natural_variability,7,Neck_to_Head,0.07546600055936571,0.12728234625751633,0.05181634569815062
671_T1_R1_vs_R2,natural_variability,7,RFArm_to_RHand,0.30311059483633124,0.023593615205955532,-0.2795169796303757
671_T1_R1_vs_R2,natural_variability,7,RShin_to_RFoot,0.19079438987359126,0.22541159288286733,0.034617203009276065
671_T1_R1_vs_R2,natural_variability,7,RShoulder_to_RUArm,0.09157749730928703,0.22097020687287275,0.12939270956358573
671_T1_R1_vs_R2,natural_variability,7,RThigh_to_RShin,0.3644969296987763,0.4477414525301295,0.0832445228313532
671_T1_R1_vs_R2,natural_variability,7,RUArm_to_RFArm,0.6092600755118129,0.29436418457618735,-0.3148958909356256
671_T1_R1_vs_R2,natural_variability,8,Chest_to_LShoulder,0.0843172469503504,0.0770387103733137,-0.007278536577036698
671_T1_R1_vs_R2,natural_variability,8,Chest_to_Neck,0.15709019208263889,0.09277126657391936,-0.06431892550871952
671_T1_R1_vs_R2,natural_variability,8,Chest_to_RShoulder,0.07054252962972699,0.11862446405215109,0.0480819344224241
671_T1_R1_vs_R2,natural_variability,8,LFArm_to_LHand,0.3009338024653061,0.1896416950905206,-0.11129210737478551
671_T1_R1_vs_R2,natural_variability,8,LShin_to_LFoot,0.26328874531046637,0.20560300521314284,-0.057685740097323523
671_T1_R1_vs_R2,natural_variability,8,LShoulder_to_LUArm,0.15577276769568937,0.2576081897115306,0.10183542201584123
671_T1_R1_vs_R2,natural_variability,8,LThigh_to_LShin,0.11209161059302199,0.07007512767275585,-0.042016482920266135
671_T1_R1_vs_R2,natural_variability,8,LUArm_to_LFArm,0.5766203242751828,0.4187114757399594,-0.1579088485352234
671_T1_R1_vs_R2,natural_variability,8,Neck_to_Head,0.1570901391769658,0.0927711971984375,-0.06431894197852829
671_T1_R1_vs_R2,natural_variability,8,RFArm_to_RHand,0.09884329883302803,0.23882237153734862,0.13997907270432058
671_T1_R1_vs_R2,natural_variability,8,RShin_to_RFoot,0.420520899131227,0.3839163191286483,-0.03660458000257866
671_T1_R1_vs_R2,natural_variability,8,RShoulder_to_RUArm,0.2851417054782625,0.38112456576133596,0.09598286028307346
671_T1_R1_vs_R2,natural_variability,8,RThigh_to_RShin,0.0046618106030729784,0.3395793453196943,0.33491753471662133
671_T1_R1_vs_R2,natural_variability,8,RUArm_to_RFArm,0.37606058625167677,0.4158773472501744,0.039816760998497625
