participant,comparison_id,space,n_links_total,n_links_exceeding_nv,n_regions_exceeding_nv,mean_effect_ratio_exceeding_only,top_link_id,top_link_effect_ratio,top_region_id,bootstrap_supported_links,interpretation,notes,render_mode,n_links_increased,n_links_decreased,n_regions_increased,n_regions_decreased,n_regions_mixed,top_increased_link_id,top_decreased_link_id
252,252_T1_vs_T2,functional,16,7,3,3.2777,RFArm_to_RHand,9.1485,right_leg,0,Above-NV descriptive change only; not a treatment effect. Data are blinded/timepoint-based.,,signed_nv,4,3,1,1,1,RShin_to_RFoot,RFArm_to_RHand
252,252_T1_vs_T2,null,16,8,4,1.8348,LShin_to_LFoot,2.8784,left_arm,0,Above-NV descriptive change only; not a treatment effect. Data are blinded/timepoint-based.,,signed_nv,3,5,1,2,1,RShoulder_to_RUArm,LShin_to_LFoot
252,252_T1_vs_T2,combined,16,8,4,1.7885,LShoulder_to_LUArm,2.5385,left_arm,0,Above-NV descriptive change only; not a treatment effect. Data are blinded/timepoint-based.,,signed_nv,3,5,0,1,3,LShoulder_to_LUArm,LFArm_to_LHand
252,252_T1_vs_T3,functional,16,13,5,3.2622,RFArm_to_RHand,13.1599,left_arm,0,Above-NV descriptive change only; not a treatment effect. Data are blinded/timepoint-based.,,signed_nv,7,6,3,1,1,RShin_to_RFoot,RFArm_to_RHand
252,252_T1_vs_T3,null,16,14,5,2.2627,LShoulder_to_LUArm,5.0492,left_arm,0,Above-NV descriptive change only; not a treatment effect. Data are blinded/timepoint-based.,,signed_nv,7,7,2,2,1,LShoulder_to_LUArm,LFArm_to_LHand
252,252_T1_vs_T3,combined,16,15,5,2.1505,LShoulder_to_LUArm,5.0351,left_arm,0,Above-NV descriptive change only; not a treatment effect. Data are blinded/timepoint-based.,,signed_nv,6,9,1,0,4,LShoulder_to_LUArm,LFArm_to_LHand
671,671_T1_vs_T2,functional,14,10,4,10.0226,LShoulder_to_LUArm,36.933,left_arm,0,Above-NV descriptive change only; not a treatment effect. Data are blinded/timepoint-based.,"Marker-set prefix differs across timepoints (['671', 'T3']). Cross-timepoint comparisons restricted to shared valid links; interpret with care.",signed_nv,8,2,2,0,2,LShoulder_to_LUArm,RFArm_to_RHand
671,671_T1_vs_T2,null,14,11,5,1.7932,LUArm_to_LFArm,2.5729,head_neck,0,Above-NV descriptive change only; not a treatment effect. Data are blinded/timepoint-based.,"Marker-set prefix differs across timepoints (['671', 'T3']). Cross-timepoint comparisons restricted to shared valid links; interpret with care.",signed_nv,3,8,1,2,2,LUArm_to_LFArm,Chest_to_RShoulder
671,671_T1_vs_T2,combined,14,12,5,1.8802,RFArm_to_RHand,3.8131,left_arm,0,Above-NV descriptive change only; not a treatment effect. Data are blinded/timepoint-based.,"Marker-set prefix differs across timepoints (['671', 'T3']). Cross-timepoint comparisons restricted to shared valid links; interpret with care.",signed_nv,4,8,1,2,2,RFArm_to_RHand,LShoulder_to_LUArm
671,671_T1_vs_T3,functional,14,12,5,4.1416,RFArm_to_RHand,12.8431,right_leg,0,Above-NV descriptive change only; not a treatment effect. Data are blinded/timepoint-based.,"Marker-set prefix differs across timepoints (['671', 'T3']). Cross-timepoint comparisons restricted to shared valid links; interpret with care.",signed_nv,10,2,3,0,2,RThigh_to_RShin,RFArm_to_RHand
671,671_T1_vs_T3,null,14,12,5,1.6224,LShoulder_to_LUArm,2.3813,left_arm,0,Above-NV descriptive change only; not a treatment effect. Data are blinded/timepoint-based.,"Marker-set prefix differs across timepoints (['671', 'T3']). Cross-timepoint comparisons restricted to shared valid links; interpret with care.",signed_nv,5,7,1,2,2,RFArm_to_RHand,LShoulder_to_LUArm
671,671_T1_vs_T3,combined,14,12,5,1.7448,RFArm_to_RHand,3.1573,right_leg,0,Above-NV descriptive change only; not a treatment effect. Data are blinded/timepoint-based.,"Marker-set prefix differs across timepoints (['671', 'T3']). Cross-timepoint comparisons restricted to shared valid links; interpret with care.",signed_nv,7,5,2,1,2,RFArm_to_RHand,LShoulder_to_LUArm
