participant,comparison_id,link_id,nv_signed_t1,nv_signed_t1_reverse,long_signed_single,long_signed_single_rev,matched_abs_ratio,magnitude_exceed,sign_reference_stable,nv_floor_unstable,nv_profile_tier_base,coverage_band,coverage_rel,coverage_ok,rep_pass,step5_organization,nv_profile_tier,a2_pass
671,671_T1_vs_T2,671_to_Ab,0.002303,-0.002064,0.008269,0.003467,3.5896,True,True,False,S2,adequate,0.8056,True,True,False,S2,True
671,671_T1_vs_T2,671_to_LThigh,0.005473,-0.017746,0.027263,0.021598,4.9806,True,True,False,S2,adequate,0.8056,True,True,True,S3,True
671,671_T1_vs_T2,671_to_RThigh,0.006088,-0.011309,0.013793,0.014391,2.2654,True,True,False,S2,adequate,0.8056,True,True,False,S2,True
671,671_T1_vs_T2,Ab_to_Chest,0.000159,-0.001,0.004872,0.003357,30.3867,True,True,False,S2,adequate,0.8056,True,True,False,S2,True
671,671_T1_vs_T2,Chest_to_LShoulder,0.002698,0.00101,-0.000289,0.00227,0.1072,False,False,False,S0,adequate,0.8056,True,True,False,S0,False
671,671_T1_vs_T2,Chest_to_Neck,0.00251,0.000424,0.004717,-0.002064,1.8783,True,False,False,S1,adequate,0.8056,True,True,False,S1,False
671,671_T1_vs_T2,Chest_to_RShoulder,-0.01246,0.000497,-0.001439,0.004378,0.1155,False,False,False,S0,adequate,0.8056,True,True,False,S0,False
671,671_T1_vs_T2,LFArm_to_LHand,0.006083,0.022317,0.073962,0.096637,12.1575,True,True,False,S2,adequate,0.8056,True,True,True,S3,True
671,671_T1_vs_T2,LShin_to_LFoot,-0.006009,0.003936,0.011783,0.006997,1.9606,True,True,False,S2,adequate,0.8056,True,True,True,S3,True
671,671_T1_vs_T2,LShoulder_to_LUArm,0.010641,-0.00469,0.018026,-0.006707,1.6937,True,False,False,S1,adequate,0.8056,True,True,True,S1,False
671,671_T1_vs_T2,LThigh_to_LShin,0.007702,-0.033681,0.01643,0.02477,2.1328,True,True,False,S2,adequate,0.8056,True,True,True,S3,True
671,671_T1_vs_T2,LUArm_to_LFArm,0.000239,0.001087,-0.061495,-0.055062,256.3176,True,True,False,S2,adequate,0.8056,True,True,False,S2,True
671,671_T1_vs_T2,Neck_to_Head,0.00251,0.000424,0.004717,-0.002064,1.8783,True,False,False,S1,adequate,0.8056,True,True,False,S1,False
671,671_T1_vs_T2,RFArm_to_RHand,0.015058,0.009452,-0.005472,-0.009264,0.3634,False,True,False,S0,adequate,0.8056,True,True,False,S0,False
671,671_T1_vs_T2,RShin_to_RFoot,-0.004202,0.000303,9.6e-05,0.006005,0.0229,False,True,False,S0,adequate,0.8056,True,True,True,S0,False
671,671_T1_vs_T2,RShoulder_to_RUArm,-0.031576,0.0111,0.005927,0.008441,0.1877,False,True,False,S0,adequate,0.8056,True,True,False,S0,False
671,671_T1_vs_T2,RThigh_to_RShin,0.008278,-0.016299,-0.001725,0.018298,0.2083,False,False,False,S0,adequate,0.8056,True,True,False,S0,False
671,671_T1_vs_T2,RUArm_to_RFArm,0.047397,-0.062119,-0.006712,-0.078526,0.1416,False,True,False,S0,adequate,0.8056,True,True,False,S0,False
671,671_T1_vs_T3,671_to_Ab,0.002303,-0.002064,0.012913,0.004062,5.6058,True,True,False,S2,limited,0.6972,False,False,False,S2,True
671,671_T1_vs_T3,671_to_LThigh,0.005473,-0.017746,0.034134,0.035288,6.2358,True,True,False,S2,limited,0.6972,False,False,True,S2,True
671,671_T1_vs_T3,671_to_RThigh,0.006088,-0.011309,0.026762,0.020027,4.3955,True,True,False,S2,limited,0.6972,False,False,True,S2,True
671,671_T1_vs_T3,Chest_to_LShoulder,0.002698,0.00101,-0.006152,0.006044,2.2797,True,False,False,S1,limited,0.6972,False,False,True,S1,False
671,671_T1_vs_T3,Chest_to_Neck,0.00251,0.000424,0.001345,0.00804,0.5358,False,True,False,S0,limited,0.6972,False,False,False,S0,False
671,671_T1_vs_T3,Chest_to_RShoulder,-0.01246,0.000497,-0.013957,0.003818,1.12,True,False,False,S1,limited,0.6972,False,False,False,S1,False
671,671_T1_vs_T3,LFArm_to_LHand,0.006083,0.022317,0.072153,0.066686,11.8601,True,True,False,S2,limited,0.6972,False,False,True,S2,True
671,671_T1_vs_T3,LShin_to_LFoot,-0.006009,0.003936,0.008036,0.002252,1.3371,True,True,False,S2,limited,0.6972,False,False,True,S2,True
671,671_T1_vs_T3,LShoulder_to_LUArm,0.010641,-0.00469,0.031927,0.036689,3.0,True,True,False,S2,limited,0.6972,False,False,False,S2,True
671,671_T1_vs_T3,LThigh_to_LShin,0.007702,-0.033681,0.030577,0.020705,3.9693,True,True,False,S2,limited,0.6972,False,False,True,S2,True
671,671_T1_vs_T3,LUArm_to_LFArm,0.000239,0.001087,0.009249,-0.006963,38.5498,True,False,False,S1,limited,0.6972,False,False,False,S1,False
671,671_T1_vs_T3,Neck_to_Head,0.00251,0.000424,0.001345,0.00804,0.5358,False,True,False,S0,limited,0.6972,False,False,False,S0,False
671,671_T1_vs_T3,RFArm_to_RHand,0.015058,0.009452,-0.074223,-0.107381,4.9287,True,True,False,S2,limited,0.6972,False,False,False,S2,True
671,671_T1_vs_T3,RShin_to_RFoot,-0.004202,0.000303,-0.000221,0.012363,0.0526,False,False,False,S0,limited,0.6972,False,False,False,S0,False
671,671_T1_vs_T3,RShoulder_to_RUArm,-0.031576,0.0111,-0.023761,0.037092,0.7525,False,False,False,S0,limited,0.6972,False,False,False,S0,False
671,671_T1_vs_T3,RThigh_to_RShin,0.008278,-0.016299,0.018418,0.011437,2.2247,True,True,False,S2,limited,0.6972,False,False,False,S2,True
671,671_T1_vs_T3,RUArm_to_RFArm,0.047397,-0.062119,0.034188,-0.038987,0.7213,False,False,False,S0,limited,0.6972,False,False,False,S0,False
252,252_T1_vs_T2,252_to_Ab,0.001534,0.000148,0.002675,-2.8e-05,1.742,True,False,False,S1,adequate,0.8108,True,False,False,S1,False
252,252_T1_vs_T2,252_to_LThigh,-0.013954,0.010551,0.006459,0.024317,0.4629,False,True,False,S0,adequate,0.8108,True,False,True,S0,False
252,252_T1_vs_T2,252_to_RThigh,-0.005922,0.00461,0.001213,0.001264,0.2047,False,True,False,S0,adequate,0.8108,True,False,True,S0,False
252,252_T1_vs_T2,Ab_to_Spine2,0.00089,0.000236,0.001165,0.000246,1.3076,True,True,False,S2,adequate,0.8108,True,False,False,S2,True
252,252_T1_vs_T2,Chest_to_LShoulder,-0.003115,0.000148,-0.002934,-0.003091,0.9416,False,True,False,S0,adequate,0.8108,True,False,False,S0,False
252,252_T1_vs_T2,Chest_to_Neck,-0.000161,0.002962,0.003772,0.002516,23.2173,True,True,False,S2,adequate,0.8108,True,False,False,S2,True
252,252_T1_vs_T2,Chest_to_RShoulder,0.005223,-0.001346,-0.000656,-0.004119,0.1255,False,True,False,S0,adequate,0.8108,True,False,False,S0,False
252,252_T1_vs_T2,LFArm_to_LHand,0.009886,0.013713,-0.029157,-0.017579,2.949,True,True,False,S2,adequate,0.8108,True,False,False,S2,True
252,252_T1_vs_T2,LShin_to_LFoot,-0.003245,0.005093,-0.001027,0.011449,0.3164,False,False,False,S0,adequate,0.8108,True,False,True,S0,False
252,252_T1_vs_T2,LShoulder_to_LUArm,0.012801,0.004078,-0.003362,-0.003431,0.2626,False,True,False,S0,adequate,0.8108,True,False,True,S0,False
252,252_T1_vs_T2,LThigh_to_LShin,-0.010839,0.00841,-0.005664,0.048752,0.5225,False,False,False,S0,adequate,0.8108,True,False,False,S0,False
252,252_T1_vs_T2,LUArm_to_LFArm,-0.028864,0.019127,-0.0097,0.011787,0.336,False,False,False,S0,adequate,0.8108,True,False,True,S0,False
252,252_T1_vs_T2,Neck2_to_Head,-0.000136,0.003021,0.003771,0.00246,27.5806,True,True,False,S2,adequate,0.8108,True,False,False,S2,True
252,252_T1_vs_T2,Neck_to_Neck2,-0.000148,0.003006,0.003764,0.002481,25.2439,True,True,False,S2,adequate,0.8108,True,False,False,S2,True
252,252_T1_vs_T2,RFArm_to_RHand,-0.010656,-0.009188,0.007673,-0.009904,0.72,False,False,False,S0,adequate,0.8108,True,False,False,S0,False
252,252_T1_vs_T2,RShin_to_RFoot,-0.007055,0.003913,-0.00209,0.00645,0.2963,False,False,False,S0,adequate,0.8108,True,False,False,S0,False
252,252_T1_vs_T2,RShoulder_to_RUArm,0.000852,-0.001482,0.005369,-0.003943,6.2936,True,False,False,S1,adequate,0.8108,True,False,False,S1,False
252,252_T1_vs_T2,RThigh_to_RShin,-0.01294,0.028264,-0.002005,0.017221,0.1549,False,False,False,S0,adequate,0.8108,True,False,True,S0,False
252,252_T1_vs_T2,RUArm_to_RFArm,-0.014701,0.0165,-0.007415,-0.001634,0.5043,False,True,False,S0,adequate,0.8108,True,False,False,S0,False
252,252_T1_vs_T2,Spine2_to_Spine3,0.000892,0.000234,0.001168,0.000252,1.3085,True,True,False,S2,adequate,0.8108,True,False,False,S2,True
252,252_T1_vs_T2,Spine3_to_Spine4,0.00089,0.000235,0.001167,0.000251,1.3096,True,True,False,S2,adequate,0.8108,True,False,False,S2,True
252,252_T1_vs_T2,Spine4_to_Chest,0.00089,0.000235,0.001166,0.000249,1.3091,True,True,False,S2,adequate,0.8108,True,False,False,S2,True
252,252_T1_vs_T3,252_to_Ab,0.001534,0.000148,-0.001039,0.0001,0.6764,False,False,False,S0,limited,0.6005,False,False,False,S0,False
252,252_T1_vs_T3,252_to_LThigh,-0.013954,0.010551,0.008873,0.017697,0.6359,False,True,False,S0,limited,0.6005,False,False,True,S0,False
252,252_T1_vs_T3,252_to_RThigh,-0.005922,0.00461,0.020756,0.040062,3.5044,True,True,False,S2,limited,0.6005,False,False,True,S2,True
252,252_T1_vs_T3,Ab_to_Spine2,0.00089,0.000236,-0.002063,0.001212,2.3159,True,False,False,S1,limited,0.6005,False,False,True,S1,False
252,252_T1_vs_T3,Chest_to_LShoulder,-0.003115,0.000148,0.003257,0.006601,1.0451,True,True,False,S2,limited,0.6005,False,False,True,S2,True
252,252_T1_vs_T3,Chest_to_Neck,-0.000161,0.002962,0.004769,0.021022,29.3531,True,True,False,S2,limited,0.6005,False,False,True,S2,True
252,252_T1_vs_T3,Chest_to_RShoulder,0.005223,-0.001346,0.001628,0.007582,0.3116,False,True,False,S0,limited,0.6005,False,False,True,S0,False
252,252_T1_vs_T3,LFArm_to_LHand,0.009886,0.013713,-0.017841,0.022185,1.8044,True,False,False,S1,limited,0.6005,False,False,False,S1,False
252,252_T1_vs_T3,LShin_to_LFoot,-0.003245,0.005093,0.005196,0.013902,1.6005,True,True,False,S2,limited,0.6005,False,False,True,S2,True
252,252_T1_vs_T3,LShoulder_to_LUArm,0.012801,0.004078,0.017694,-0.006499,1.3821,True,False,False,S1,limited,0.6005,False,False,True,S1,False
252,252_T1_vs_T3,LThigh_to_LShin,-0.010839,0.00841,0.036527,0.046419,3.3698,True,True,False,S2,limited,0.6005,False,False,True,S2,True
252,252_T1_vs_T3,LUArm_to_LFArm,-0.028864,0.019127,-0.074751,-0.035015,2.5896,True,True,False,S2,limited,0.6005,False,False,True,S2,True
252,252_T1_vs_T3,Neck2_to_Head,-0.000136,0.003021,0.004837,0.02101,35.3742,True,True,False,S2,limited,0.6005,False,False,True,S2,True
252,252_T1_vs_T3,Neck_to_Neck2,-0.000148,0.003006,0.004812,0.021008,32.2765,True,True,False,S2,limited,0.6005,False,False,True,S2,True
252,252_T1_vs_T3,RFArm_to_RHand,-0.010656,-0.009188,-0.016154,-0.021857,1.5157,True,True,False,S2,limited,0.6005,False,False,False,S2,True
252,252_T1_vs_T3,RShin_to_RFoot,-0.007055,0.003913,0.012224,0.027102,1.7326,True,True,False,S2,limited,0.6005,False,False,True,S2,True
252,252_T1_vs_T3,RShoulder_to_RUArm,0.000852,-0.001482,0.020613,0.010345,24.1609,True,True,False,S2,limited,0.6005,False,False,True,S2,True
252,252_T1_vs_T3,RThigh_to_RShin,-0.01294,0.028264,0.052289,0.065357,4.0406,True,True,False,S2,limited,0.6005,False,False,True,S2,True
252,252_T1_vs_T3,RUArm_to_RFArm,-0.014701,0.0165,-0.06444,-0.02359,4.3831,True,True,False,S2,limited,0.6005,False,False,True,S2,True
252,252_T1_vs_T3,Spine2_to_Spine3,0.000892,0.000234,-0.002075,0.001207,2.3239,True,False,False,S1,limited,0.6005,False,False,True,S1,False
252,252_T1_vs_T3,Spine3_to_Spine4,0.00089,0.000235,-0.00207,0.001209,2.323,True,False,False,S1,limited,0.6005,False,False,True,S1,False
252,252_T1_vs_T3,Spine4_to_Chest,0.00089,0.000235,-0.002067,0.00121,2.3204,True,False,False,S1,limited,0.6005,False,False,True,S1,False
651,651_T1_vs_T2,Chest_to_LShoulder,0.004614,-0.006769,-0.00217,-0.005127,0.4703,False,True,False,S0,adequate,0.8366,True,True,False,S0,False
651,651_T1_vs_T2,Chest_to_Neck,-0.002132,-0.000294,-0.008185,-0.009458,3.8365,True,True,False,S2,adequate,0.8366,True,True,True,S3,True
651,651_T1_vs_T2,Chest_to_RShoulder,0.004628,-3.8e-05,-0.008042,-0.010493,1.7375,True,True,False,S2,adequate,0.8366,True,True,False,S2,True
651,651_T1_vs_T2,LFArm_to_LHand,0.045394,-0.039714,0.062507,0.053497,1.3769,True,True,False,S2,adequate,0.8366,True,True,True,S3,True
651,651_T1_vs_T2,LShin_to_LFoot,-0.008664,0.006251,-0.008033,-0.008778,0.9271,False,True,False,S0,adequate,0.8366,True,True,True,S0,False
651,651_T1_vs_T2,LShoulder_to_LUArm,-0.018473,0.015847,-0.025173,-1.7e-05,1.3626,True,True,False,S2,adequate,0.8366,True,True,False,S2,True
651,651_T1_vs_T2,LThigh_to_LShin,0.006833,-0.006045,-0.004371,-0.006098,0.6396,False,True,False,S0,adequate,0.8366,True,True,True,S0,False
651,651_T1_vs_T2,LUArm_to_LFArm,0.003554,-0.000102,0.035538,0.023153,9.9957,True,True,False,S2,adequate,0.8366,True,True,True,S3,True
651,651_T1_vs_T2,Neck_to_Head,-0.002132,-0.000294,-0.008185,-0.009458,3.8365,True,True,False,S2,adequate,0.8366,True,True,True,S3,True
651,651_T1_vs_T2,RFArm_to_RHand,0.027516,-0.029764,-0.022604,-0.0438,0.8215,False,True,False,S0,adequate,0.8366,True,True,True,S0,False
651,651_T1_vs_T2,RShin_to_RFoot,-0.001748,0.007336,0.004086,-0.007862,2.3364,True,False,False,S1,adequate,0.8366,True,True,True,S1,False
651,651_T1_vs_T2,RShoulder_to_RUArm,-0.005585,0.007373,-0.036104,-0.0314,6.463,True,True,False,S2,adequate,0.8366,True,True,False,S2,True
651,651_T1_vs_T2,RThigh_to_RShin,0.000136,0.013626,-0.01988,-0.012033,145.4037,True,True,False,S2,adequate,0.8366,True,True,True,S3,True
651,651_T1_vs_T2,RUArm_to_RFArm,0.038382,-0.035521,0.03338,0.010345,0.8696,False,True,False,S0,adequate,0.8366,True,True,True,S0,False
651,651_T1_vs_T3,Chest_to_LShoulder,0.004614,-0.006769,0.010725,0.007645,2.3237,True,True,False,S2,limited,0.7055,False,True,False,S2,True
651,651_T1_vs_T3,Chest_to_Neck,-0.002132,-0.000294,-0.005269,-0.00063,2.4695,True,True,False,S2,limited,0.7055,False,True,False,S2,True
651,651_T1_vs_T3,Chest_to_RShoulder,0.004628,-3.8e-05,-0.008311,-0.001133,1.7955,True,True,False,S2,limited,0.7055,False,True,False,S2,True
651,651_T1_vs_T3,LFArm_to_LHand,0.045394,-0.039714,0.034205,-0.014792,0.7535,False,False,False,S0,limited,0.7055,False,True,False,S0,False
651,651_T1_vs_T3,LShin_to_LFoot,-0.008664,0.006251,-0.007151,0.002117,0.8253,False,False,False,S0,limited,0.7055,False,True,True,S0,False
651,651_T1_vs_T3,LShoulder_to_LUArm,-0.018473,0.015847,0.0285,0.034429,1.5427,True,True,False,S2,limited,0.7055,False,True,True,S2,True
651,651_T1_vs_T3,LThigh_to_LShin,0.006833,-0.006045,0.01533,0.017994,2.243,True,True,False,S2,limited,0.7055,False,True,True,S2,True
651,651_T1_vs_T3,LUArm_to_LFArm,0.003554,-0.000102,-0.002597,0.010027,0.7303,False,False,False,S0,limited,0.7055,False,True,True,S0,False
651,651_T1_vs_T3,Neck_to_Head,-0.002132,-0.000294,-0.005269,-0.00063,2.4695,True,True,False,S2,limited,0.7055,False,True,False,S2,True
651,651_T1_vs_T3,RFArm_to_RHand,0.027516,-0.029764,-0.000703,-0.059447,0.0256,False,True,False,S0,limited,0.7055,False,True,False,S0,False
651,651_T1_vs_T3,RShin_to_RFoot,-0.001748,0.007336,0.011924,0.000589,6.8179,True,True,False,S2,limited,0.7055,False,True,True,S2,True
651,651_T1_vs_T3,RShoulder_to_RUArm,-0.005585,0.007373,0.007167,-0.008132,1.283,True,False,False,S1,limited,0.7055,False,True,False,S1,False
651,651_T1_vs_T3,RThigh_to_RShin,0.000136,0.013626,-4.8e-05,-0.008228,0.3532,False,True,False,S0,limited,0.7055,False,True,True,S0,False
651,651_T1_vs_T3,RUArm_to_RFArm,0.038382,-0.035521,0.021792,0.003268,0.5678,False,True,False,S0,limited,0.7055,False,True,True,S0,False
790,790_T1_vs_T2,790_to_Ab,-0.005149,0.003988,-0.002839,0.004909,0.5512,False,False,False,S0,adequate,0.8666,True,False,False,S0,False
790,790_T1_vs_T2,790_to_LThigh,-0.021378,0.019372,-0.018068,-0.003865,0.8451,False,True,False,S0,adequate,0.8666,True,False,False,S0,False
790,790_T1_vs_T2,790_to_RThigh,-0.022297,0.023341,-0.021972,0.002469,0.9854,False,False,False,S0,adequate,0.8666,True,False,True,S0,False
790,790_T1_vs_T2,Ab_to_Spine2,-0.005058,0.004939,-0.001155,0.006619,0.2283,False,False,False,S0,adequate,0.8666,True,False,False,S0,False
790,790_T1_vs_T2,Chest_to_LShoulder,-0.004798,0.005138,0.008999,0.014549,1.8752,True,True,False,S2,adequate,0.8666,True,False,False,S2,True
790,790_T1_vs_T2,Chest_to_Neck,-0.000569,-0.003726,3.3e-05,0.008057,0.0584,False,True,False,S0,adequate,0.8666,True,False,True,S0,False
790,790_T1_vs_T2,Chest_to_RShoulder,-0.003594,0.01288,0.010635,0.021016,2.9578,True,True,False,S2,adequate,0.8666,True,False,False,S2,True
790,790_T1_vs_T2,LFArm_to_LHand,0.016792,0.007859,0.01062,-0.020098,0.6324,False,False,False,S0,adequate,0.8666,True,False,False,S0,False
790,790_T1_vs_T2,LShin_to_LFoot,-0.001385,-0.006215,0.000215,0.001666,0.1554,False,True,False,S0,adequate,0.8666,True,False,True,S0,False
790,790_T1_vs_T2,LShoulder_to_LUArm,-0.01769,0.004736,0.015075,0.016236,0.8521,False,True,False,S0,adequate,0.8666,True,False,True,S0,False
790,790_T1_vs_T2,LThigh_to_LShin,0.003207,0.0339,0.001512,-0.017874,0.4714,False,False,False,S0,adequate,0.8666,True,False,False,S0,False
790,790_T1_vs_T2,LUArm_to_LFArm,0.012837,0.023261,-0.018367,0.007147,1.4307,True,False,False,S1,adequate,0.8666,True,False,True,S1,False
790,790_T1_vs_T2,Neck2_to_Head,-0.000543,-0.003737,-1e-05,0.008032,0.019,False,False,False,S0,adequate,0.8666,True,False,True,S0,False
790,790_T1_vs_T2,Neck_to_Neck2,-0.000553,-0.003728,-1e-06,0.00803,0.0024,False,False,False,S0,adequate,0.8666,True,False,True,S0,False
790,790_T1_vs_T2,RFArm_to_RHand,0.00996,0.001213,-0.000543,-0.017928,0.0545,False,True,False,S0,adequate,0.8666,True,False,False,S0,False
790,790_T1_vs_T2,RShin_to_RFoot,0.001642,-0.000501,0.004228,0.003089,2.5732,True,True,False,S2,adequate,0.8666,True,False,True,S2,True
790,790_T1_vs_T2,RShoulder_to_RUArm,-0.008398,0.023032,0.017226,0.033346,2.0509,True,True,False,S2,adequate,0.8666,True,False,False,S2,True
790,790_T1_vs_T2,RThigh_to_RShin,-0.028664,0.015665,-0.024688,-0.010773,0.8613,False,True,False,S0,adequate,0.8666,True,False,False,S0,False
790,790_T1_vs_T2,RUArm_to_RFArm,-0.003569,-0.069439,-0.044725,-0.101928,12.5271,True,True,False,S2,adequate,0.8666,True,False,True,S2,True
790,790_T1_vs_T2,Spine2_to_Spine3,-0.005062,0.004941,-0.001152,0.006621,0.2275,False,False,False,S0,adequate,0.8666,True,False,True,S0,False
790,790_T1_vs_T2,Spine3_to_Spine4,-0.005061,0.00494,-0.001156,0.006616,0.2283,False,False,False,S0,adequate,0.8666,True,False,True,S0,False
790,790_T1_vs_T2,Spine4_to_Chest,-0.00506,0.00494,-0.001156,0.006616,0.2284,False,False,False,S0,adequate,0.8666,True,False,True,S0,False
790,790_T1_vs_T3,790_to_Ab,-0.005149,0.003988,-0.001019,0.004272,0.1979,False,False,False,S0,adequate,0.8867,True,False,False,S0,False
790,790_T1_vs_T3,790_to_LThigh,-0.021378,0.019372,0.001809,0.014546,0.0846,False,True,False,S0,adequate,0.8867,True,False,False,S0,False
790,790_T1_vs_T3,790_to_RThigh,-0.022297,0.023341,-0.010306,0.019126,0.4622,False,False,False,S0,adequate,0.8867,True,False,False,S0,False
790,790_T1_vs_T3,Ab_to_Spine2,-0.005058,0.004939,-8.3e-05,0.004141,0.0164,False,False,False,S0,adequate,0.8867,True,False,False,S0,False
790,790_T1_vs_T3,Chest_to_LShoulder,-0.004798,0.005138,-9.4e-05,0.010793,0.0195,False,False,False,S0,adequate,0.8867,True,False,False,S0,False
790,790_T1_vs_T3,Chest_to_Neck,-0.000569,-0.003726,0.000372,-0.000912,0.6524,False,False,False,S0,adequate,0.8867,True,False,False,S0,False
790,790_T1_vs_T3,Chest_to_RShoulder,-0.003594,0.01288,0.002729,0.014435,0.759,False,True,False,S0,adequate,0.8867,True,False,False,S0,False
790,790_T1_vs_T3,LFArm_to_LHand,0.016792,0.007859,0.029855,0.024127,1.7778,True,True,False,S2,adequate,0.8867,True,False,True,S2,True
790,790_T1_vs_T3,LShin_to_LFoot,-0.001385,-0.006215,-0.000916,-0.00076,0.6607,False,True,False,S0,adequate,0.8867,True,False,True,S0,False
790,790_T1_vs_T3,LShoulder_to_LUArm,-0.01769,0.004736,-0.001303,0.032591,0.0736,False,False,False,S0,adequate,0.8867,True,False,False,S0,False
790,790_T1_vs_T3,LThigh_to_LShin,0.003207,0.0339,0.031939,0.0128,9.956,True,True,False,S2,adequate,0.8867,True,False,False,S2,True
790,790_T1_vs_T3,LUArm_to_LFArm,0.012837,0.023261,-0.037821,-0.017159,2.946,True,True,False,S2,adequate,0.8867,True,False,True,S2,True
790,790_T1_vs_T3,Neck2_to_Head,-0.000543,-0.003737,0.000348,-0.000908,0.6397,False,False,False,S0,adequate,0.8867,True,False,False,S0,False
790,790_T1_vs_T3,Neck_to_Neck2,-0.000553,-0.003728,0.000353,-0.000906,0.6376,False,False,False,S0,adequate,0.8867,True,False,False,S0,False
790,790_T1_vs_T3,RFArm_to_RHand,0.00996,0.001213,-0.019656,-0.007228,1.9734,True,True,False,S2,adequate,0.8867,True,False,True,S2,True
790,790_T1_vs_T3,RShin_to_RFoot,0.001642,-0.000501,0.000427,0.004676,0.2596,False,True,False,S0,adequate,0.8867,True,False,False,S0,False
790,790_T1_vs_T3,RShoulder_to_RUArm,-0.008398,0.023032,0.00699,0.032546,0.8321,False,True,False,S0,adequate,0.8867,True,False,False,S0,False
790,790_T1_vs_T3,RThigh_to_RShin,-0.028664,0.015665,-0.015093,0.013837,0.5265,False,False,False,S0,adequate,0.8867,True,False,False,S0,False
790,790_T1_vs_T3,RUArm_to_RFArm,-0.003569,-0.069439,-0.018556,-0.087969,5.1974,True,True,False,S2,adequate,0.8867,True,False,False,S2,True
790,790_T1_vs_T3,Spine2_to_Spine3,-0.005062,0.004941,-8.2e-05,0.004148,0.0162,False,False,False,S0,adequate,0.8867,True,False,False,S0,False
790,790_T1_vs_T3,Spine3_to_Spine4,-0.005061,0.00494,-8.4e-05,0.004145,0.0165,False,False,False,S0,adequate,0.8867,True,False,False,S0,False
790,790_T1_vs_T3,Spine4_to_Chest,-0.00506,0.00494,-8.4e-05,0.004143,0.0165,False,False,False,S0,adequate,0.8867,True,False,False,S0,False
