participant,link_id,n_comparisons,n_S2_signed_consistent,n_S3_candidate,n_a2_pass,signed_tiers,n_exceed_matched_ratio_abs,median_matched_single_rep_ratio,max_matched_single_rep_ratio,dominant_exercise_flag,dominant_exercise_id_t1,interpretation_note
671,671_to_Ab,2,2,0,2,"T2:S2,T3:S2",2,10.1057,17.202,True,13,v6: A2 = signed S2/S3; abs ratio deprecated-secondary
671,671_to_LThigh,2,1,1,2,"T2:S3,T3:S2",2,8.1537,8.7651,True,13,v6: A2 = signed S2/S3; abs ratio deprecated-secondary
671,671_to_RThigh,2,2,0,2,"T2:S2,T3:S2",1,0.7871,1.549,True,13,v6: A2 = signed S2/S3; abs ratio deprecated-secondary
671,Ab_to_Chest,2,1,0,1,T2:S2,1,1.1158,1.1158,True,13,v6: A2 = signed S2/S3; abs ratio deprecated-secondary
671,Chest_to_LShoulder,2,0,0,0,"T2:S0,T3:S1",2,12.7676,19.7085,True,13,v6: A2 = signed S2/S3; abs ratio deprecated-secondary
671,Chest_to_Neck,2,0,0,0,"T2:S1,T3:S0",0,0.7889,0.9127,True,13,v6: A2 = signed S2/S3; abs ratio deprecated-secondary
671,Chest_to_RShoulder,2,0,0,0,"T2:S0,T3:S1",1,1.9321,3.4983,True,13,v6: A2 = signed S2/S3; abs ratio deprecated-secondary
671,LFArm_to_LHand,2,1,1,2,"T2:S3,T3:S2",2,1.2393,1.3417,True,13,v6: A2 = signed S2/S3; abs ratio deprecated-secondary
671,LShin_to_LFoot,2,1,1,2,"T2:S3,T3:S2",0,0.1971,0.3912,True,13,v6: A2 = signed S2/S3; abs ratio deprecated-secondary
671,LShoulder_to_LUArm,2,1,0,1,"T2:S1,T3:S2",2,3.6477,4.7303,True,13,v6: A2 = signed S2/S3; abs ratio deprecated-secondary
671,LThigh_to_LShin,2,1,1,2,"T2:S3,T3:S2",1,0.7312,1.1851,True,13,v6: A2 = signed S2/S3; abs ratio deprecated-secondary
671,LUArm_to_LFArm,2,1,0,1,"T2:S2,T3:S1",1,1.0811,1.8142,True,13,v6: A2 = signed S2/S3; abs ratio deprecated-secondary
671,Neck_to_Head,2,0,0,0,"T2:S1,T3:S0",0,0.7889,0.9127,True,13,v6: A2 = signed S2/S3; abs ratio deprecated-secondary
671,RFArm_to_RHand,2,1,0,1,"T2:S0,T3:S2",1,1.2351,1.4741,True,13,v6: A2 = signed S2/S3; abs ratio deprecated-secondary
671,RShin_to_RFoot,2,0,0,0,"T2:S0,T3:S0",2,2.3879,3.6421,True,13,v6: A2 = signed S2/S3; abs ratio deprecated-secondary
671,RShoulder_to_RUArm,2,0,0,0,"T2:S0,T3:S0",1,0.651,1.1782,True,13,v6: A2 = signed S2/S3; abs ratio deprecated-secondary
671,RThigh_to_RShin,2,1,0,1,"T2:S0,T3:S2",1,1.6027,2.2173,True,13,v6: A2 = signed S2/S3; abs ratio deprecated-secondary
671,RUArm_to_RFArm,2,0,0,0,"T2:S0,T3:S0",1,1.0315,1.1712,True,13,v6: A2 = signed S2/S3; abs ratio deprecated-secondary
252,252_to_Ab,2,0,0,0,"T2:S1,T3:S0",1,1.3901,1.9168,False,9,v6: A2 = signed S2/S3; abs ratio deprecated-secondary
252,252_to_LThigh,2,0,0,0,"T2:S0,T3:S0",0,0.4048,0.4112,False,9,v6: A2 = signed S2/S3; abs ratio deprecated-secondary
252,252_to_RThigh,2,1,0,1,"T2:S0,T3:S2",0,0.2333,0.2821,False,9,v6: A2 = signed S2/S3; abs ratio deprecated-secondary
252,Ab_to_Spine2,2,1,0,1,"T2:S2,T3:S1",2,9.2458,16.0843,False,9,v6: A2 = signed S2/S3; abs ratio deprecated-secondary
252,Chest_to_LShoulder,2,1,0,1,"T2:S0,T3:S2",1,1.1303,1.2653,False,9,v6: A2 = signed S2/S3; abs ratio deprecated-secondary
252,Chest_to_Neck,2,2,0,2,"T2:S2,T3:S2",0,0.3921,0.485,False,9,v6: A2 = signed S2/S3; abs ratio deprecated-secondary
252,Chest_to_RShoulder,2,0,0,0,"T2:S0,T3:S0",0,0.3055,0.3616,False,9,v6: A2 = signed S2/S3; abs ratio deprecated-secondary
252,LFArm_to_LHand,2,1,0,1,"T2:S2,T3:S1",1,2.0866,3.7307,False,9,v6: A2 = signed S2/S3; abs ratio deprecated-secondary
252,LShin_to_LFoot,2,1,0,1,"T2:S0,T3:S2",1,1.1251,1.781,False,9,v6: A2 = signed S2/S3; abs ratio deprecated-secondary
252,LShoulder_to_LUArm,2,0,0,0,"T2:S0,T3:S1",0,0.8138,0.9483,False,9,v6: A2 = signed S2/S3; abs ratio deprecated-secondary
252,LThigh_to_LShin,2,1,0,1,"T2:S0,T3:S2",1,1.3037,1.738,False,9,v6: A2 = signed S2/S3; abs ratio deprecated-secondary
252,LUArm_to_LFArm,2,1,0,1,"T2:S0,T3:S2",1,1.8793,3.051,False,9,v6: A2 = signed S2/S3; abs ratio deprecated-secondary
252,Neck2_to_Head,2,2,0,2,"T2:S2,T3:S2",0,0.3901,0.4805,False,9,v6: A2 = signed S2/S3; abs ratio deprecated-secondary
252,Neck_to_Neck2,2,2,0,2,"T2:S2,T3:S2",0,0.3909,0.4817,False,9,v6: A2 = signed S2/S3; abs ratio deprecated-secondary
252,RFArm_to_RHand,2,1,0,1,"T2:S0,T3:S2",0,0.5022,0.8899,False,9,v6: A2 = signed S2/S3; abs ratio deprecated-secondary
252,RShin_to_RFoot,2,1,0,1,"T2:S0,T3:S2",0,0.5857,0.9267,False,9,v6: A2 = signed S2/S3; abs ratio deprecated-secondary
252,RShoulder_to_RUArm,2,1,0,1,"T2:S1,T3:S2",2,5.6946,6.3928,False,9,v6: A2 = signed S2/S3; abs ratio deprecated-secondary
252,RThigh_to_RShin,2,1,0,1,"T2:S0,T3:S2",2,2.7104,4.0447,False,9,v6: A2 = signed S2/S3; abs ratio deprecated-secondary
252,RUArm_to_RFArm,2,1,0,1,"T2:S0,T3:S2",2,6.8281,7.2625,False,9,v6: A2 = signed S2/S3; abs ratio deprecated-secondary
252,Spine2_to_Spine3,2,1,0,1,"T2:S2,T3:S1",2,9.2487,16.0902,False,9,v6: A2 = signed S2/S3; abs ratio deprecated-secondary
252,Spine3_to_Spine4,2,1,0,1,"T2:S2,T3:S1",2,9.2706,16.1247,False,9,v6: A2 = signed S2/S3; abs ratio deprecated-secondary
252,Spine4_to_Chest,2,1,0,1,"T2:S2,T3:S1",2,9.2658,16.1168,False,9,v6: A2 = signed S2/S3; abs ratio deprecated-secondary
651,651_to_Ab,2,0,0,0,,0,,,False,12,v6: A2 = signed S2/S3; abs ratio deprecated-secondary
651,651_to_LThigh,2,0,0,0,,0,,,False,12,v6: A2 = signed S2/S3; abs ratio deprecated-secondary
651,651_to_RThigh,2,0,0,0,,0,,,False,12,v6: A2 = signed S2/S3; abs ratio deprecated-secondary
651,Ab_to_Chest,2,0,0,0,,0,,,False,12,v6: A2 = signed S2/S3; abs ratio deprecated-secondary
651,Chest_to_LShoulder,2,1,0,1,"T2:S0,T3:S2",0,0.5466,0.5548,False,12,v6: A2 = signed S2/S3; abs ratio deprecated-secondary
651,Chest_to_Neck,2,1,1,2,"T2:S3,T3:S2",0,0.3696,0.5034,False,12,v6: A2 = signed S2/S3; abs ratio deprecated-secondary
651,Chest_to_RShoulder,2,2,0,2,"T2:S2,T3:S2",0,0.1434,0.1562,False,12,v6: A2 = signed S2/S3; abs ratio deprecated-secondary
651,LFArm_to_LHand,2,0,1,1,"T2:S3,T3:S0",1,0.9519,1.3194,False,12,v6: A2 = signed S2/S3; abs ratio deprecated-secondary
651,LShin_to_LFoot,2,0,0,0,"T2:S0,T3:S0",2,5.3088,7.5075,False,12,v6: A2 = signed S2/S3; abs ratio deprecated-secondary
651,LShoulder_to_LUArm,2,2,0,2,"T2:S2,T3:S2",1,0.7,1.3428,False,12,v6: A2 = signed S2/S3; abs ratio deprecated-secondary
651,LThigh_to_LShin,2,1,0,1,"T2:S0,T3:S2",0,0.8433,0.9956,False,12,v6: A2 = signed S2/S3; abs ratio deprecated-secondary
651,LUArm_to_LFArm,2,0,1,1,"T2:S3,T3:S0",0,0.4619,0.5439,False,12,v6: A2 = signed S2/S3; abs ratio deprecated-secondary
651,Neck_to_Head,2,1,1,2,"T2:S3,T3:S2",0,0.3696,0.5034,False,12,v6: A2 = signed S2/S3; abs ratio deprecated-secondary
651,RFArm_to_RHand,2,0,0,0,"T2:S0,T3:S0",0,0.5473,0.8537,False,12,v6: A2 = signed S2/S3; abs ratio deprecated-secondary
651,RShin_to_RFoot,2,1,0,1,"T2:S1,T3:S2",2,1.3841,1.4642,False,12,v6: A2 = signed S2/S3; abs ratio deprecated-secondary
651,RShoulder_to_RUArm,2,1,0,1,"T2:S2,T3:S1",1,4.4099,8.1713,False,12,v6: A2 = signed S2/S3; abs ratio deprecated-secondary
651,RThigh_to_RShin,2,0,1,1,"T2:S3,T3:S0",1,1.5796,2.6789,False,12,v6: A2 = signed S2/S3; abs ratio deprecated-secondary
651,RUArm_to_RFArm,2,0,0,0,"T2:S0,T3:S0",0,0.6215,0.9887,False,12,v6: A2 = signed S2/S3; abs ratio deprecated-secondary
790,790_to_Ab,2,0,0,0,"T2:S0,T3:S0",0,0.7616,0.7757,False,9,v6: A2 = signed S2/S3; abs ratio deprecated-secondary
790,790_to_LThigh,2,0,0,0,"T2:S0,T3:S0",0,0.6768,0.8865,False,9,v6: A2 = signed S2/S3; abs ratio deprecated-secondary
790,790_to_RThigh,2,0,0,0,"T2:S0,T3:S0",2,1.7647,2.2304,False,9,v6: A2 = signed S2/S3; abs ratio deprecated-secondary
790,Ab_to_Spine2,2,0,0,0,"T2:S0,T3:S0",0,0.4593,0.7896,False,9,v6: A2 = signed S2/S3; abs ratio deprecated-secondary
790,Chest_to_LShoulder,2,1,0,1,"T2:S2,T3:S0",1,0.8666,1.473,False,9,v6: A2 = signed S2/S3; abs ratio deprecated-secondary
790,Chest_to_Neck,2,0,0,0,"T2:S0,T3:S0",0,0.5334,0.5473,False,9,v6: A2 = signed S2/S3; abs ratio deprecated-secondary
790,Chest_to_RShoulder,2,1,0,1,"T2:S2,T3:S0",2,1.488,1.7163,False,9,v6: A2 = signed S2/S3; abs ratio deprecated-secondary
790,LFArm_to_LHand,2,1,0,1,"T2:S0,T3:S2",1,1.4017,1.8394,False,9,v6: A2 = signed S2/S3; abs ratio deprecated-secondary
790,LShin_to_LFoot,2,0,0,0,"T2:S0,T3:S0",0,0.3946,0.539,False,9,v6: A2 = signed S2/S3; abs ratio deprecated-secondary
790,LShoulder_to_LUArm,2,0,0,0,"T2:S0,T3:S0",1,0.6462,1.1419,False,9,v6: A2 = signed S2/S3; abs ratio deprecated-secondary
790,LThigh_to_LShin,2,1,0,1,"T2:S0,T3:S2",1,1.7924,2.9662,False,9,v6: A2 = signed S2/S3; abs ratio deprecated-secondary
790,LUArm_to_LFArm,2,1,0,1,"T2:S1,T3:S2",2,133.4127,145.9694,False,9,v6: A2 = signed S2/S3; abs ratio deprecated-secondary
790,Neck2_to_Head,2,0,0,0,"T2:S0,T3:S0",0,0.5357,0.564,False,9,v6: A2 = signed S2/S3; abs ratio deprecated-secondary
790,Neck_to_Neck2,2,0,0,0,"T2:S0,T3:S0",0,0.5342,0.5581,False,9,v6: A2 = signed S2/S3; abs ratio deprecated-secondary
790,RFArm_to_RHand,2,1,0,1,"T2:S0,T3:S2",1,0.8331,1.4949,False,9,v6: A2 = signed S2/S3; abs ratio deprecated-secondary
790,RShin_to_RFoot,2,1,0,1,"T2:S2,T3:S0",0,0.4818,0.541,False,9,v6: A2 = signed S2/S3; abs ratio deprecated-secondary
790,RShoulder_to_RUArm,2,1,0,1,"T2:S2,T3:S0",0,0.7791,0.8836,False,9,v6: A2 = signed S2/S3; abs ratio deprecated-secondary
790,RThigh_to_RShin,2,0,0,0,"T2:S0,T3:S0",1,1.2845,1.771,False,9,v6: A2 = signed S2/S3; abs ratio deprecated-secondary
790,RUArm_to_RFArm,2,2,0,2,"T2:S2,T3:S2",0,0.6035,0.6594,False,9,v6: A2 = signed S2/S3; abs ratio deprecated-secondary
790,Spine2_to_Spine3,2,0,0,0,"T2:S0,T3:S0",0,0.4582,0.7873,False,9,v6: A2 = signed S2/S3; abs ratio deprecated-secondary
790,Spine3_to_Spine4,2,0,0,0,"T2:S0,T3:S0",0,0.4588,0.7878,False,9,v6: A2 = signed S2/S3; abs ratio deprecated-secondary
790,Spine4_to_Chest,2,0,0,0,"T2:S0,T3:S0",0,0.4592,0.7885,False,9,v6: A2 = signed S2/S3; abs ratio deprecated-secondary
