participant,comparison_id,followup_timepoint,link_id,rom_t1,rms_t1,rom_t2,rms_t2,rom_ratio,rms_ratio,jcvpca_mean,jcvpca_abs_mean,jrw_a_mean,jrw_b_mean,effect_ratio_vs_nv,exceeds_nv,classification,rom_t3,rms_t3
671,671_T1_vs_T2,T2,671_to_Ab,0.39938302924135294,0.12622169767910285,0.4385783359254544,0.11754192555276106,1.0981396399305068,0.9312339139312749,0.00019270657447880023,0.00019270657447880023,0.03931673409970443,0.03950944067418322,0.9313,False,within_variability,,
671,671_T1_vs_T2,T2,671_to_LThigh,2.0557538773655804,0.3342449878937367,1.8320172010244078,0.38829767832533474,0.8911656308643874,1.161715784497515,-0.011178021956395065,0.011178021956395065,0.13856273365823463,0.12738471170183957,1.4239,True,organization,,
671,671_T1_vs_T2,T2,671_to_RThigh,1.3511911384042938,0.3466295452510718,1.948794773919486,0.41784367659879446,1.4422791258244483,1.2054473783997282,-0.005089769238854455,0.005089769238854455,0.08790945282624894,0.08281968358739446,1.673,True,mixed,,
671,671_T1_vs_T2,T2,Ab_to_Chest,0.3980126673943705,0.14057510990456207,0.4384987692244502,0.1362498709631351,1.1017206364187502,0.9692318295581386,0.0008603197335152221,0.0008603197335152221,0.04522520839076321,0.04608552812427844,0.909,False,within_variability,,
671,671_T1_vs_T2,T2,Chest_to_LShoulder,0.6600756717203972,0.2570156761100464,0.5708546567546506,0.2498186929340313,0.8648321415434019,0.9719978824445963,-0.0018619348849970667,0.0018619348849970667,0.08682200878303523,0.08496007389803817,0.638,False,within_variability,,
671,671_T1_vs_T2,T2,Chest_to_Neck,0.6814218213816791,0.33760298612092554,0.6201858197231922,0.23077488735066143,0.9101349564439803,0.6835688570242696,0.0065814035464598335,0.0065814035464598335,0.06850306710949373,0.07508447065595357,0.7708,False,within_variability,,
671,671_T1_vs_T2,T2,Chest_to_RShoulder,0.6736244700617636,0.3007714794414646,0.6737500996200999,0.2882709583091607,1.000186497913778,0.9584384757640004,-0.009890234123483745,0.009890234123483745,0.12690570680962254,0.1170154726861388,0.6502,False,within_variability,,
671,671_T1_vs_T2,T2,LFArm_to_LHand,1.5905607385123193,0.8589964487130055,1.8804212539219722,0.967921879041574,1.1822379418724775,1.1268054489535626,-0.026075093894607895,0.026075093894607895,0.35759158893869375,0.3315164950440858,3.1829,True,organization,,
671,671_T1_vs_T2,T2,LShin_to_LFoot,1.0310439092704762,0.3448999018594638,1.1732307743057284,0.4001468347783818,1.1379057320030703,1.160182512726343,-0.00035678109657271014,0.00035678109657271014,0.0796357888594129,0.07927900776284019,1.066,True,organization,,
671,671_T1_vs_T2,T2,LShoulder_to_LUArm,1.7641991247328994,1.0668400692373017,1.4519216579336196,0.8970525085929312,0.8229919387095497,0.8408500340957816,-0.00020948576697393651,0.00020948576697393651,0.3029990724724609,0.3027895867054869,1.0948,True,organization,,
671,671_T1_vs_T2,T2,LThigh_to_LShin,2.0828531759802904,0.3695983497952034,2.278069316645171,0.5165746344341987,1.0937253489185585,1.3976648832994945,0.004837529518670132,0.004837529518670132,0.19357800061930966,0.19841553013797977,1.9303,True,organization,,
671,671_T1_vs_T2,T2,LUArm_to_LFArm,2.67766563361979,1.6383546154021833,2.3361918783729974,1.6017508485696643,0.8724733398526787,0.9776582148404218,-0.02349986544636048,0.02349986544636048,0.41769779840401644,0.3941979329576559,0.6522,False,within_variability,,
671,671_T1_vs_T2,T2,Neck_to_Head,0.6814200370277399,0.3376029826689078,0.620185310595502,0.23077487101801433,0.910136592549677,0.6835688156355497,0.006581404930287644,0.006581404930287644,0.06850306985805876,0.0750844747883464,0.7708,False,within_variability,,
671,671_T1_vs_T2,T2,RFArm_to_RHand,1.76207464852569,0.9398007967413364,1.6663476998705853,1.1947422861033854,0.9456737268564652,1.2712718378682297,0.004810198016539926,0.004810198016539926,0.28722064586798773,0.29203084388452766,0.7285,False,within_variability,,
671,671_T1_vs_T2,T2,RShin_to_RFoot,1.1784789639680417,0.3630128273759136,1.2985131558433345,0.48564986205842997,1.1018551841359367,1.3378311327701955,-0.004406729381075789,0.004406729381075789,0.07334738609519037,0.06894065671411458,1.2274,True,organization,,
671,671_T1_vs_T2,T2,RShoulder_to_RUArm,1.4719437532527821,1.1331946496140228,1.4264518740243488,0.8237623768717878,0.9690940097895026,0.7269381100169943,-0.017711778067400194,0.017711778067400194,0.3132236197579893,0.295511841690589,0.955,False,within_variability,,
671,671_T1_vs_T2,T2,RThigh_to_RShin,1.6343288700314627,0.5217516571504041,2.0191422330784423,0.5183707820455253,1.2354565045648196,0.9935201449606433,-0.0009969890631722658,0.0009969890631722658,0.09419102892017515,0.09319403985700286,0.8928,False,within_variability,,
671,671_T1_vs_T2,T2,RUArm_to_RFArm,2.4858911219366835,1.594276317747168,2.567253357364297,1.6759597440477785,1.032729605375567,1.0512354259994499,-0.017491344221696053,0.017491344221696053,0.4020922821744591,0.384600937952763,0.7348,False,within_variability,,
671,671_T1_vs_T3,T3,671_to_Ab,0.39938302924135294,0.12622169767910285,,,0.5276634475560118,1.7001645468455215,0.0006281727154515331,0.0006281727154515331,0.037822670164583135,0.038450842880034655,0.7986,False,amplitude_only,0.21073982610485575,0.21459765543666431
671,671_T1_vs_T3,T3,671_to_LThigh,2.0557538773655804,0.3342449878937367,,,0.9369504403925767,1.2841205707871015,-0.0047046933890443204,0.0047046933890443204,0.13726697250595774,0.13256227911691343,1.6132,True,organization,1.9261395007364277,0.429210864636833
671,671_T1_vs_T3,T3,671_to_RThigh,1.3511911384042938,0.3466295452510718,,,1.172935507359997,1.2933713331507268,0.001543317203968645,0.001543317203968645,0.08789923317993516,0.08944255038390382,1.3397,True,organization,1.5848600634645722,0.44832071705080895
671,671_T1_vs_T3,T3,Chest_to_LShoulder,0.6600756717203972,0.2570156761100464,,,0.7805886973356085,0.7791262170962268,-0.004013476911869022,0.004013476911869022,0.08577323086330396,0.08175975395143495,1.0008,True,organization,0.5152476087311516,0.2002476514620495
671,671_T1_vs_T3,T3,Chest_to_Neck,0.6814218213816791,0.33760298612092554,,,0.8922519407804941,1.065126880071062,0.010221397851032979,0.010221397851032979,0.06857916073161409,0.07880055858264706,0.8125,False,within_variability,0.6079999426179823,0.3595900153096555
671,671_T1_vs_T3,T3,Chest_to_RShoulder,0.6736244700617636,0.3007714794414646,,,0.6559822219063947,0.6809694521501971,0.0005406601362057217,0.0005406601362057217,0.12808832290828434,0.12862898304449005,0.611,False,amplitude_only,0.4418856766016333,0.2048161895776584
671,671_T1_vs_T3,T3,LFArm_to_LHand,1.5905607385123193,0.8589964487130055,,,1.0289398559471898,1.5305898499223365,-0.020230744017917815,0.020230744017917815,0.359258568779286,0.33902782476136817,3.1662,True,organization,1.6365913371601215,1.3147712455194591
671,671_T1_vs_T3,T3,LShin_to_LFoot,1.0310439092704762,0.3448999018594638,,,0.9223657739991875,1.0838509449179174,0.001542421379278068,0.001542421379278068,0.07933200398251922,0.0808744253617973,1.095,True,organization,0.9509996134014108,0.37382008453247684
671,671_T1_vs_T3,T3,LShoulder_to_LUArm,1.7641991247328994,1.0668400692373017,,,0.8720222955129578,0.9026196194787772,-0.013207208640959034,0.013207208640959034,0.30106126745070894,0.28785405880974985,0.8921,False,within_variability,1.538420970491534,0.9629507773396856
671,671_T1_vs_T3,T3,LThigh_to_LShin,2.0828531759802904,0.3695983497952034,,,1.0233894901815013,1.015286617396573,0.009325959467735626,0.009325959467735626,0.19218904233005485,0.20151500179779047,2.2909,True,organization,2.13157004988939,0.37524825835892744
671,671_T1_vs_T3,T3,LUArm_to_LFArm,2.67766563361979,1.6383546154021833,,,0.8769048935835343,1.2015305462011359,-0.023779752888000414,0.023779752888000414,0.41655607471183614,0.3927763218238357,0.3519,False,within_variability,2.348058097501649,1.9685331159153372
671,671_T1_vs_T3,T3,Neck_to_Head,0.6814200370277399,0.3376029826689078,,,0.6450281029386563,0.5422342249927481,0.010221401777845232,0.010221401777845232,0.06857916589032739,0.07880056766817262,0.8125,False,amplitude_only,0.439535073788392,0.18305989166271538
671,671_T1_vs_T3,T3,RFArm_to_RHand,1.76207464852569,0.9398007967413364,,,0.6542818559384975,1.5773577799031497,-0.008088021746580215,0.008088021746580215,0.28857617963120386,0.2804881578846236,1.088,True,amplitude,1.1528934713395642,1.4824020982991257
671,671_T1_vs_T3,T3,RShin_to_RFoot,1.1784789639680417,0.3630128273759136,,,0.6261047931533292,0.9221855700141439,-0.003570662190211446,0.003570662190211446,0.07246911445625581,0.06889845226604435,1.0012,True,amplitude,0.7378513279707605,0.3347651911361029
671,671_T1_vs_T3,T3,RShoulder_to_RUArm,1.4719437532527821,1.1331946496140228,,,1.2039509712638388,0.9109541204960012,-0.0017210817476897766,0.0017210817476897766,0.3164864065724285,0.31476532482473873,0.7846,False,within_variability,1.7721481113744273,1.0322883353899164
671,671_T1_vs_T3,T3,RThigh_to_RShin,1.6343288700314627,0.5217516571504041,,,0.8778715010102122,0.8326512008936363,0.005076578348349502,0.005076578348349502,0.0943777825871086,0.09945436093545812,0.9765,False,within_variability,1.4347307382788441,0.43443714389452875
671,671_T1_vs_T3,T3,RUArm_to_RFArm,2.4858911219366835,1.594276317747168,,,0.96537467918452,1.082028948008801,-0.021348558727753066,0.021348558727753066,0.40185685694319073,0.3805082982154377,0.8103,False,within_variability,2.3998163443272724,1.725053126927313
252,252_T1_vs_T2,T2,252_to_Ab,0.2682517141633057,0.2337556077964248,0.34558731166291234,0.24148055639043073,1.2882948865427435,1.0330471156043175,0.0014309893082674198,0.0014309893082674198,0.02667066694143532,0.02810165624970274,0.6381,False,within_variability,,
252,252_T1_vs_T2,T2,252_to_LThigh,1.7885096710112427,0.4001654836353788,1.5372163615250505,0.3596136854471586,0.8594956943430402,0.8986624288036545,0.01657442031069274,0.01657442031069274,0.13372526057625453,0.15029968088694728,1.0869,True,organization,,
252,252_T1_vs_T2,T2,252_to_RThigh,1.7533800699937967,0.38757256990318956,1.7907009999637358,0.3806199544571656,1.0212851341295737,0.9820611261324282,0.01226850426509303,0.01226850426509303,0.10994313231757594,0.12221163658266898,1.2845,True,organization,,
252,252_T1_vs_T2,T2,Ab_to_Spine2,0.274310181686643,0.10570750587684392,0.33695795653278665,0.1146591629127568,1.2283829731034521,1.0846832678688128,0.0010995749894896797,0.0010995749894896797,0.02875791038988489,0.02985748537937455,0.5782,False,within_variability,,
252,252_T1_vs_T2,T2,Chest_to_LShoulder,0.4672295414495098,0.19524544457330356,0.5444614089204103,0.19480201026286412,1.165297483612231,0.9977288365861312,-0.0018686307620519893,0.0018686307620519893,0.0642136380010537,0.062345007239001715,0.9186,False,within_variability,,
252,252_T1_vs_T2,T2,Chest_to_Neck,0.6893121998060665,0.34506955470993816,0.641359111816545,0.3311242441428763,0.9304334262428363,0.9595869575373459,0.0031555687305190013,0.0031555687305190013,0.0518909737013039,0.0550465424318229,0.7167,False,within_variability,,
252,252_T1_vs_T2,T2,Chest_to_RShoulder,0.6868802257363698,0.25167066665366644,0.6346008173432184,0.2045658120392121,0.9238886105112354,0.812831367116466,-0.00509651785621965,0.00509651785621965,0.07492046821964951,0.06982395036342984,0.5341,False,within_variability,,
252,252_T1_vs_T2,T2,LFArm_to_LHand,1.211945568892513,0.41404429689906475,1.9000232145604485,0.4406537773390387,1.5677463273344094,1.0642672309201273,0.00520739547057906,0.00520739547057906,0.14330248807341936,0.1485098835439984,0.8314,False,amplitude_only,,
252,252_T1_vs_T2,T2,LShin_to_LFoot,1.0588818542741583,0.3205863249560941,1.3759540136287571,0.6838703937410487,1.2994405448301363,2.133186416590627,0.002879356402493059,0.002879356402493059,0.06710864862508316,0.06998800502757622,1.0884,True,organization,,
252,252_T1_vs_T2,T2,LShoulder_to_LUArm,2.082080212385891,1.2605343351344522,1.9646558684874817,1.197598530574911,0.9436023918771839,0.9500721219522924,0.00822975975019985,0.00822975975019985,0.35884983793281633,0.3670795976830162,2.1855,True,organization,,
252,252_T1_vs_T2,T2,LThigh_to_LShin,2.715593758774103,0.5618839155390271,2.635807772698505,0.5832520830818623,0.9706193219004835,1.0380295056539148,0.0003472528109011219,0.0003472528109011219,0.18763779136791,0.18798504417881112,0.9108,False,within_variability,,
252,252_T1_vs_T2,T2,LUArm_to_LFArm,2.8505410510642664,1.3466106026130886,2.670504620739024,1.5650323347048727,0.9368413128946083,1.1622011082253014,-0.015603918954368051,0.015603918954368051,0.3800236728776211,0.3644197539232531,1.858,True,organization,,
252,252_T1_vs_T2,T2,Neck2_to_Head,0.5271905326193871,0.24511214109149598,0.5722159937497833,0.2658238096040711,1.0854064296387944,1.0844987458407611,0.0031670345424851696,0.0031670345424851696,0.05176298423189455,0.05493001877437971,0.7167,False,within_variability,,
252,252_T1_vs_T2,T2,Neck_to_Neck2,0.49533005393201895,0.21767927175546908,0.4810633837788404,0.22909726122678203,0.9711976488405515,1.052453269340865,0.00316005380076258,0.00316005380076258,0.05177578875172863,0.05493584255249121,0.7166,False,within_variability,,
252,252_T1_vs_T2,T2,RFArm_to_RHand,1.3117771715272546,0.4922433434902085,1.2852307378683232,0.42162756762304604,0.9797630007327964,0.8565429542094618,0.0031495646612230608,0.0031495646612230608,0.1342478153647309,0.13739738002595397,0.4475,False,within_variability,,
252,252_T1_vs_T2,T2,RShin_to_RFoot,0.8766998754252835,0.36377943709515326,0.9251692790126526,0.3651179998395655,1.055286198784797,1.0036795998011898,-0.00273418940942488,0.00273418940942488,0.0807376384335369,0.07800344902411202,0.9418,False,within_variability,,
252,252_T1_vs_T2,T2,RShoulder_to_RUArm,2.1047147320890134,1.2602822562870275,1.9019985033714322,1.1734231814372906,0.9036847010063083,0.9310796653555719,0.008740345104534124,0.008740345104534124,0.414913772380421,0.4236541174849552,0.9412,False,within_variability,,
252,252_T1_vs_T2,T2,RThigh_to_RShin,2.576147484738176,0.5627582427295944,2.529203440942805,0.5200979598553229,0.9817774238185193,0.9241942993720489,-0.009007836964807558,0.009007836964807558,0.1862438493084139,0.17723601234360634,2.2322,True,organization,,
252,252_T1_vs_T2,T2,RUArm_to_RFArm,2.6043734961191944,1.4546491619336914,2.434342459617537,1.4927588563796124,0.9347132672195356,1.0261985470058368,0.0336472361912303,0.0336472361912303,0.33137240499903353,0.36501964119026387,0.7361,False,within_variability,,
252,252_T1_vs_T2,T2,Spine2_to_Spine3,0.29380584062027343,0.16963436510575353,0.2328177933203229,0.16921293186684544,0.7924205755365703,0.9975156375971027,0.0011008119457629703,0.0011008119457629703,0.02878005522481064,0.029880867170573623,0.5786,False,within_variability,,
252,252_T1_vs_T2,T2,Spine3_to_Spine4,0.2551452766101676,0.10875124409345487,0.24282367712262717,0.11236150671218778,0.9517075148274589,1.033197437407065,0.0010998137418432399,0.0010998137418432399,0.028764867785923038,0.02986468152776627,0.5785,False,within_variability,,
252,252_T1_vs_T2,T2,Spine4_to_Chest,0.24201582274956604,0.0931812926423948,0.2818104564063417,0.10019132474595022,1.164429883983059,1.0752300371111836,0.0010995613955437499,0.0010995613955437499,0.028759899065432432,0.02985946046097619,0.5783,False,within_variability,,
252,252_T1_vs_T3,T3,252_to_Ab,0.2682517141633057,0.2337556077964248,,,1.0512570035283784,0.8966111649206059,-0.00034049553334668996,0.00034049553334668996,0.02667066694143532,0.026330171408088632,0.9471,False,within_variability,0.28200149322266777,0.2095878878130767
252,252_T1_vs_T3,T3,252_to_LThigh,1.7885096710112427,0.4001654836353788,,,0.8719177722862568,1.0317884717807078,-0.0007404347315681291,0.0007404347315681291,0.13372526057625453,0.13298482584468643,1.0457,True,organization,1.5594333680605488,0.41288613281953535
252,252_T1_vs_T3,T3,252_to_RThigh,1.7533800699937967,0.38757256990318956,,,1.1779962793637992,1.2057799091746386,0.01245071963375908,0.01245071963375908,0.10994313231757594,0.12239385195133501,2.6456,True,organization,2.0654751987633304,0.4673272181364492
252,252_T1_vs_T3,T3,Ab_to_Spine2,0.274310181686643,0.10570750587684392,,,0.8516972351938963,0.9939370297567247,-0.0004893840860357402,0.0004893840860357402,0.02875791038988489,0.02826852630384914,1.0002,True,organization,0.23362922332804922,0.10506660441422178
252,252_T1_vs_T3,T3,Chest_to_LShoulder,0.4672295414495098,0.19524544457330356,,,1.2370358292304697,1.0741376390983703,-0.0009427025538841699,0.0009427025538841699,0.0642136380010537,0.06327093544716954,1.6611,True,organization,0.5779796832479664,0.20972048087868
252,252_T1_vs_T3,T3,Chest_to_Neck,0.6893121998060665,0.34506955470993816,,,0.9652595306095073,1.1790773754626054,-0.00013380667739610886,0.00013380667739610886,0.0518909737013039,0.0517571670239078,1.441,True,organization,0.6653651704282106,0.4068637049194438
252,252_T1_vs_T3,T3,Chest_to_RShoulder,0.6868802257363698,0.25167066665366644,,,1.0576349373229517,1.1853999631984231,-0.002989373503097701,0.002989373503097701,0.07492046821964951,0.07193109471655179,1.0612,True,organization,0.7264685244950604,0.2983303989893788
252,252_T1_vs_T3,T3,LFArm_to_LHand,1.211945568892513,0.41404429689906475,,,1.3189301080009392,1.2341656142448694,0.013237751486254962,0.013237751486254962,0.14330248807341936,0.15654023955967436,0.8892,False,amplitude_only,1.5984715000706617,0.5109992340070193
252,252_T1_vs_T3,T3,LShin_to_LFoot,1.0588818542741583,0.3205863249560941,,,0.9864614860114806,1.2776642973364547,-0.0005143945625314589,0.0005143945625314589,0.06710864862508316,0.06659425406255172,1.5752,True,organization,1.0445461674778782,0.40960170161070436
252,252_T1_vs_T3,T3,LShoulder_to_LUArm,2.082080212385891,1.2605343351344522,,,1.091650273683898,1.0949177237298222,0.011638830238311842,0.011638830238311842,0.35884983793281633,0.3704886681711282,2.8152,True,organization,2.2729034336828864,1.3801813849086992
252,252_T1_vs_T3,T3,LThigh_to_LShin,2.715593758774103,0.5618839155390271,,,0.9727511198656112,0.9632941388699956,0.009800967135462338,0.009800967135462338,0.18763779136791,0.19743875850337236,1.9059,True,organization,2.641596869947573,0.5412594825640684
252,252_T1_vs_T3,T3,LUArm_to_LFArm,2.8505410510642664,1.3466106026130886,,,1.0403627197442344,1.1755926331239617,-0.04419256245907912,0.04419256245907912,0.3800236728776211,0.33583111041854197,3.4836,True,organization,2.965596640627809,1.5830655041185657
252,252_T1_vs_T3,T3,Neck2_to_Head,0.5271905326193871,0.24511214109149598,,,1.1060674869930893,1.1396009081671472,-8.327158176900073e-05,8.327158176900073e-05,0.05176298423189455,0.05167971265012554,1.4452,True,organization,0.5831083075808737,0.27933001859066275
252,252_T1_vs_T3,T3,Neck_to_Neck2,0.49533005393201895,0.21767927175546908,,,1.0519547548173807,1.2430430977822564,-0.00010336198877484941,0.00010336198877484941,0.05177578875172863,0.05167242676295377,1.4444,True,organization,0.5210648054377369,0.2705847162859039
252,252_T1_vs_T3,T3,RFArm_to_RHand,1.3117771715272546,0.4922433434902085,,,1.0657760056789556,1.153117755202317,-0.012380561089287801,0.012380561089287801,0.1342478153647309,0.1218672542754431,0.796,False,within_variability,1.3980606342111557,0.5676145392587123
252,252_T1_vs_T3,T3,RShin_to_RFoot,0.8766998754252835,0.36377943709515326,,,0.9120101178747596,0.9272158996925386,0.0035376650915101998,0.0035376650915101998,0.0807376384335369,0.0842753035250471,1.0821,True,organization,0.7995591567273999,0.3373020780558278
252,252_T1_vs_T3,T3,RShoulder_to_RUArm,2.1047147320890134,1.2602822562870275,,,0.970937647258791,1.1091311114768432,0.009571727277478204,0.009571727277478204,0.414913772380421,0.42448549965789917,1.1463,True,organization,2.043546770125423,1.3978182596901745
252,252_T1_vs_T3,T3,RThigh_to_RShin,2.576147484738176,0.5627582427295944,,,0.9763611106349107,0.9843617587982748,0.023781606843850743,0.023781606843850743,0.1862438493084139,0.21002545615226462,1.6942,True,organization,2.5152502193582973,0.55395769359153
252,252_T1_vs_T3,T3,RUArm_to_RFArm,2.6043734961191944,1.4546491619336914,,,1.1348465506259682,1.1327583890479114,0.006850749648372867,0.006850749648372867,0.33137240499903353,0.33822315464740643,2.395,True,organization,2.9555642786125613,1.6477660413019026
252,252_T1_vs_T3,T3,Spine2_to_Spine3,0.29380584062027343,0.16963436510575353,,,0.9586491242092353,1.1747099831281809,-0.0004931180584864595,0.0004931180584864595,0.02878005522481064,0.02828693716632417,1.0006,True,organization,0.2816567117981833,0.1992711821713394
252,252_T1_vs_T3,T3,Spine3_to_Spine4,0.2551452766101676,0.10875124409345487,,,0.8541267375646934,1.2280243613507946,-0.0004924388280266801,0.0004924388280266801,0.028764867785923038,0.02827242895789636,1.0006,True,organization,0.21792640271608374,0.1335491770739693
252,252_T1_vs_T3,T3,Spine4_to_Chest,0.24201582274956604,0.0931812926423948,,,0.914493941931374,1.1645698075290767,-0.0004912986844107303,0.0004912986844107303,0.028759899065432432,0.0282686003810217,1.0005,True,organization,0.22132200375601535,0.10851612003786427
651,651_T1_vs_T2,T2,Chest_to_LShoulder,0.7082562612686645,0.3040939995188116,0.3972820212976945,0.19632291722872167,0.5609297693832778,0.6455994447091249,-0.0029893639388444975,0.0029893639388444975,0.11939711905456125,0.11640775511571673,1.4346,True,amplitude,,
651,651_T1_vs_T2,T2,Chest_to_Neck,0.6860990171528549,0.2813243311023412,0.5034921927338267,0.25382038985389105,0.7338477102375072,0.9022340472980823,0.0005400461992958327,0.0005400461992958327,0.057510818205738196,0.058050864405034014,1.5192,True,organization,,
651,651_T1_vs_T2,T2,Chest_to_RShoulder,0.5559281785947068,0.2545674338172662,0.3760764614365931,0.2027862776561714,0.6764838983108418,0.7965915931011648,0.002528392773307533,0.002528392773307533,0.09826397559452899,0.10079236836783655,3.2683,True,mixed,,
651,651_T1_vs_T2,T2,LFArm_to_LHand,1.6215428997544767,0.8788220227590892,1.5034916461730672,0.8034934396579227,0.9271981927833768,0.9142845978476165,-0.009566075405656481,0.009566075405656481,0.4124693325748486,0.4029032571691922,1.7177,True,organization,,
651,651_T1_vs_T2,T2,LShin_to_LFoot,0.9167418151914525,0.3133611738898321,0.7731773291528043,0.2968676338216579,0.8433970353924937,0.947365719040953,0.00014689892333853358,0.00014689892333853358,0.06832989803038499,0.06847679695372351,2.1658,True,organization,,
651,651_T1_vs_T2,T2,LShoulder_to_LUArm,1.3890636247811405,0.9615461399564375,1.5590862893839308,1.1433768320573376,1.122400919273643,1.1891024096973006,-0.0055017342350672,0.0055017342350672,0.260493681616756,0.2549919473816888,0.5114,False,within_variability,,
651,651_T1_vs_T2,T2,LThigh_to_LShin,2.3096820800763953,0.3709951045795904,2.256327885540434,0.4623720649958953,0.9768997668570055,1.2463023346894369,-0.003653936109779304,0.003653936109779304,0.0851218407538944,0.08146790464411513,1.4312,True,organization,,
651,651_T1_vs_T2,T2,LUArm_to_LFArm,2.2971286065855243,1.488995233449853,2.0795277628969018,1.3498800034733158,0.9052726769129106,0.906571070980381,0.012200806297946851,0.012200806297946851,0.4408453316638932,0.4530461379618402,1.4853,True,organization,,
651,651_T1_vs_T2,T2,Neck_to_Head,0.686099677340336,0.2813243581176535,0.5114869125028333,0.26651879597024836,0.7454994214333569,0.9473719152992317,0.0005400520799501331,0.0005400520799501331,0.05751079739377358,0.058050849473723715,1.5192,True,organization,,
651,651_T1_vs_T2,T2,RFArm_to_RHand,1.537972921074636,0.8785740035439749,1.541902085094473,0.9549559921438052,1.002554768010539,1.0869385940077012,-0.007281881980097159,0.007281881980097159,0.38147902299473424,0.374197141014637,2.4456,True,organization,,
651,651_T1_vs_T2,T2,RShin_to_RFoot,0.841875455244815,0.30743269783304955,0.7225550961568097,0.34516406826015084,0.858268395467941,1.1227305055482133,0.003068821744207867,0.003068821744207867,0.07305139913045695,0.07612022087466482,2.216,True,organization,,
651,651_T1_vs_T2,T2,RShoulder_to_RUArm,1.170053675525678,0.7595015247391118,1.5681479004903682,0.95499234338804,1.3402358654920985,1.2573935828714486,-0.007829233454797831,0.007829233454797831,0.2140758691276979,0.20624663567290002,2.5459,True,mixed,,
651,651_T1_vs_T2,T2,RThigh_to_RShin,2.036862649893015,0.3700165389551726,1.6996056431002262,0.45599736397142415,0.8344232946632395,1.232370221231295,-0.000787299938938279,0.000787299938938279,0.10261544364038926,0.101828143701451,1.7705,True,organization,,
651,651_T1_vs_T2,T2,RUArm_to_RFArm,2.3193325825909996,1.5209038715551684,2.149019295922038,1.6501281696298962,0.9265679756550054,1.084965460665566,0.013909934447231036,0.013909934447231036,0.43652283276065956,0.45043276720789066,1.2142,True,organization,,
651,651_T1_vs_T3,T3,Chest_to_LShoulder,0.7082562612686645,0.3040939995188116,,,0.5597333897133094,0.5942715913270212,-0.0038906300709020997,0.0038906300709020997,0.11939711905456125,0.11550648898365912,1.3206,True,amplitude,0.3964346779055849,0.1807144250070426
651,651_T1_vs_T3,T3,Chest_to_Neck,0.6860990171528549,0.2813243311023412,,,0.7985992352575253,1.0102144387783778,0.0005796780618678169,0.0005796780618678169,0.057510818205738196,0.05809049626760602,0.9952,False,within_variability,0.5479181504092097,0.2841979012592541
651,651_T1_vs_T3,T3,Chest_to_RShoulder,0.5559281785947068,0.2545674338172662,,,0.6518456255462164,0.6798603084212131,0.002599710614656,0.002599710614656,0.09826397559452899,0.10086368620918501,3.3108,True,mixed,0.36237935133483534,0.17307029406900337
651,651_T1_vs_T3,T3,LFArm_to_LHand,1.6215428997544767,0.8788220227590892,,,0.6623856398369325,0.5673149497194647,0.010301984259156282,0.010301984259156282,0.4124693325748486,0.422771316834005,0.6577,False,amplitude_only,1.074086731176904,0.498568871653931
651,651_T1_vs_T3,T3,LShin_to_LFoot,0.9167418151914525,0.3133611738898321,,,0.9987178809377156,0.9989301846785483,0.003605039671689517,0.003605039671689517,0.06832989803038499,0.07193493770207447,1.8702,True,organization,0.9155664430350023,0.3130259353048567
651,651_T1_vs_T3,T3,LShoulder_to_LUArm,1.3890636247811405,0.9615461399564375,,,1.1254097512746009,1.3493170809904067,0.0022685010885016657,0.0022685010885016657,0.260493681616756,0.26276218270525764,1.0144,True,organization,1.563265748469539,1.2974306308036132
651,651_T1_vs_T3,T3,LThigh_to_LShin,2.3096820800763953,0.3709951045795904,,,0.7991354274341372,1.0644270661279502,0.011654331844746206,0.011654331844746206,0.0851218407538944,0.09677617259864058,1.6591,True,organization,1.8457487762988174,0.3948972307154855
651,651_T1_vs_T3,T3,LUArm_to_LFArm,2.2971286065855243,1.488995233449853,,,0.7958756359687815,1.0528850055481518,-0.024675177342949602,0.024675177342949602,0.4408453316638932,0.4161701543209437,2.554,True,organization,1.8282286906683352,1.5677407546320201
651,651_T1_vs_T3,T3,Neck_to_Head,0.686099677340336,0.2813243581176535,,,0.5841572845186234,0.7836982190266726,0.0005796865601155832,0.0005796865601155832,0.05751079739377358,0.05809048395388917,0.9952,False,amplitude_only,0.4007901244242343,0.22047339842562688
651,651_T1_vs_T3,T3,RFArm_to_RHand,1.537972921074636,0.8785740035439749,,,0.687010888697072,0.6012219103482771,-0.017100570454682783,0.017100570454682783,0.38147902299473424,0.36437845254005147,2.7117,True,amplitude,1.0566041432995175,0.5282179407930425
651,651_T1_vs_T3,T3,RShin_to_RFoot,0.841875455244815,0.30743269783304955,,,0.7955929216184062,1.0617142995019893,0.007339563291602,0.007339563291602,0.07305139913045695,0.08039096242205897,1.7576,True,organization,0.6697901530770481,0.3264056914238229
651,651_T1_vs_T3,T3,RShoulder_to_RUArm,1.170053675525678,0.7595015247391118,,,1.4107650714063475,1.4380395566012747,-0.00013134768691781354,0.00013134768691781354,0.2140758691276979,0.21394452144078013,2.1177,True,mixed,1.6506708571022426,1.0921932358738244
651,651_T1_vs_T3,T3,RThigh_to_RShin,2.036862649893015,0.3700165389551726,,,0.8654203113943669,1.1705894103659358,0.015200982884627666,0.015200982884627666,0.10261544364038926,0.11781642652501695,1.553,True,organization,1.7627423087379686,0.43313744216117983
651,651_T1_vs_T3,T3,RUArm_to_RFArm,2.3193325825909996,1.5209038715551684,,,0.9052946833545615,0.9946607342469004,-0.07065739637164918,0.07065739637164918,0.43652283276065956,0.3658654363890104,1.8142,True,organization,2.0996794559506364,1.5127833616000173
790,790_T1_vs_T2,T2,790_to_Ab,0.4123197729703648,0.24893143071640092,0.24090456522837367,0.19928702999907458,0.5842663413711389,0.8005699779475236,0.0036279534025091898,0.0036279534025091898,0.03693617658258936,0.040564129985098556,0.9767,False,amplitude_only,,
790,790_T1_vs_T2,T2,790_to_LThigh,1.523542525256704,0.41431927657398715,1.6708566120530584,0.43544045754049493,1.0966918115866395,1.0509780310999748,0.014701047243601054,0.014701047243601054,0.11856272436611026,0.1332637716097113,0.8487,False,within_variability,,
790,790_T1_vs_T2,T2,790_to_RThigh,1.2904109105375092,0.38396822870937536,1.4478892005631552,0.3864131338877497,1.122037320623746,1.00636746739852,0.0005102366209664114,0.0005102366209664114,0.11819358324930976,0.11870381987027614,1.0608,True,organization,,
790,790_T1_vs_T2,T2,Ab_to_Spine2,0.3473256882066317,0.1335833141374333,0.24066949847137484,0.08742965696413613,0.6929216773859677,0.6544953426906798,0.0033036990480416997,0.0033036990480416997,0.04045339170960222,0.04375709075764393,1.0565,True,mixed,,
790,790_T1_vs_T2,T2,Chest_to_LShoulder,0.6196295588650579,0.2758321495485842,0.5257283626368336,0.28215883711088124,0.8484559122708445,1.022936730082592,-0.005342409701807109,0.005342409701807109,0.08874027463098905,0.08339786492918196,0.718,False,within_variability,,
790,790_T1_vs_T2,T2,Chest_to_Neck,0.60852380955634,0.3273968116422821,0.6065448977146671,0.3424598058253347,0.9967480124678841,1.04600837163775,0.0026374607629304114,0.0026374607629304114,0.04860203862379745,0.05123949938672786,1.0203,True,organization,,
790,790_T1_vs_T2,T2,Chest_to_RShoulder,0.896037456919552,0.23389967540090428,0.584253012305421,0.26784310611122764,0.6520408357860384,1.1451196144335998,-0.0019151341734377006,0.0019151341734377006,0.08999962468651843,0.0880844905130807,0.8918,False,amplitude_only,,
790,790_T1_vs_T2,T2,LFArm_to_LHand,1.9285526715687331,0.6737798344189115,1.2208555235739487,0.5795972972007565,0.6330423542857526,0.8602176372651743,0.011935859315679642,0.011935859315679642,0.2163683708772594,0.2283042301929391,1.1807,True,mixed,,
790,790_T1_vs_T2,T2,LShin_to_LFoot,0.9572738095672868,0.4408380180217003,1.1976911581530332,0.43120595259842553,1.2511479434441244,0.9781505563732922,0.005398255089394786,0.005398255089394786,0.06130676644585989,0.06670502153525468,2.1121,True,organization,,
790,790_T1_vs_T2,T2,LShoulder_to_LUArm,2.1681866300805863,1.2378558628082748,2.0672194115887006,1.2883272060136977,0.9534324134781087,1.0407731988205158,-0.024282021305123486,0.024282021305123486,0.36177598490320734,0.3374939635980838,1.194,True,organization,,
790,790_T1_vs_T2,T2,LThigh_to_LShin,2.579224223518984,0.4712212790563294,2.4388903233749404,0.5660926168263994,0.9455906551805805,1.2013307590015034,0.012594518578639012,0.012594518578639012,0.13431332049852462,0.14690783907716365,0.8837,False,within_variability,,
790,790_T1_vs_T2,T2,LUArm_to_LFArm,2.700638213113708,1.5745483379553131,2.5890470555314526,1.5305389991423795,0.9586797087294429,0.9720495473196564,0.00865750483170931,0.00865750483170931,0.39801708467005403,0.4066745895017634,1.5584,True,organization,,
790,790_T1_vs_T2,T2,Neck2_to_Head,0.5074738024286011,0.24466341999473554,0.4844709327352789,0.24395698659252046,0.9546718085086598,0.9971126317034632,0.0026223643823090007,0.0026223643823090007,0.04852302455226176,0.05114538893457079,1.0223,True,organization,,
790,790_T1_vs_T2,T2,Neck_to_Neck2,0.4442095638741538,0.20967688060405668,0.4167446881869986,0.21564064397617524,0.9381713544219501,1.028442636855993,0.002622960492458188,0.002622960492458188,0.048497631145275125,0.051120591637733304,1.0213,True,organization,,
790,790_T1_vs_T2,T2,RFArm_to_RHand,1.4683540417523315,0.6187592197759804,0.940863245430422,0.4234789604720483,0.64076048328753,0.6844002431597987,0.006257733858116125,0.006257733858116125,0.17945709938697987,0.185714833245096,1.6055,True,mixed,,
790,790_T1_vs_T2,T2,RShin_to_RFoot,0.8066691614626308,0.5233450957502122,0.7810554679803449,0.5643787976911513,0.9682475856200529,1.0784065853948963,-0.0003164219052808877,0.0003164219052808877,0.06361812479205226,0.06330170288677137,1.2279,True,organization,,
790,790_T1_vs_T2,T2,RShoulder_to_RUArm,2.291190302535169,1.275346781491351,1.7635558368574054,1.323768423420993,0.7697116363080169,1.0379674317859016,0.002979402268272804,0.002979402268272804,0.4537364458367103,0.45671584810498317,0.7879,False,within_variability,,
790,790_T1_vs_T2,T2,RThigh_to_RShin,2.526737979510285,0.5446768133979756,2.1654769004832772,0.49814032061627284,0.8570247164697999,0.9145612744346798,0.005948203711897919,0.005948203711897919,0.13552212276426256,0.14147032647616045,0.5635,False,within_variability,,
790,790_T1_vs_T2,T2,RUArm_to_RFArm,2.594932591218527,1.5130781013579533,2.3221280058206704,1.400210231996325,0.8948702612464575,0.9254051266353456,-0.011383859255023745,0.011383859255023745,0.42251053179626563,0.4111266725412419,1.1056,True,organization,,
790,790_T1_vs_T2,T2,Spine2_to_Spine3,0.25881877063661707,0.18485364299088358,0.20081723757827835,0.19529190660761078,0.7758990473694306,1.0564677192607017,0.0033059173877730335,0.0033059173877730335,0.040475871479007434,0.04378178886678049,1.055,True,organization,,
790,790_T1_vs_T2,T2,Spine3_to_Spine4,0.2362981522387514,0.13338169868223973,0.18226938321274,0.12430471675531501,0.7713534002948034,0.931947320984799,0.0033036832469059327,0.0033036832469059327,0.040458440796132894,0.04376212404303884,1.0557,True,organization,,
790,790_T1_vs_T2,T2,Spine4_to_Chest,0.27294707329247897,0.12240235481884225,0.19536562276563446,0.09440112989315896,0.7157637574530379,0.7712362236239195,0.003303300991690699,0.003303300991690699,0.04045374508750161,0.04375704607919235,1.0561,True,organization,,
790,790_T1_vs_T3,T3,790_to_Ab,0.4123197729703648,0.24893143071640092,,,0.881733654188732,0.8108968125044218,0.003991260518558954,0.003991260518558954,0.03693617658258936,0.040927437101148295,0.7587,False,within_variability,0.3635562201154281,0.20185770370009481
790,790_T1_vs_T3,T3,790_to_LThigh,1.523542525256704,0.41431927657398715,,,1.365949097152439,1.059457514527169,0.004882873443920015,0.004882873443920015,0.11856272436611026,0.12344559781003027,0.6889,False,amplitude_only,2.081081536847742,0.4389536709797711
790,790_T1_vs_T3,T3,790_to_RThigh,1.2904109105375092,0.38396822870937536,,,1.397519128946235,1.0847244812916756,-6.606857643865698e-06,6.606857643865698e-06,0.11819358324930976,0.11818697639166584,0.8763,False,amplitude_only,1.8033739316770978,0.4164997377192607
790,790_T1_vs_T3,T3,Ab_to_Spine2,0.3473256882066317,0.1335833141374333,,,0.6732747182943715,0.6868327082175171,0.004381080659949755,0.004381080659949755,0.04045339170960222,0.044834472369552,0.8176,False,amplitude_only,0.23384560488371864,0.09174938942168465
790,790_T1_vs_T3,T3,Chest_to_LShoulder,0.6196295588650579,0.2758321495485842,,,0.8271580290592306,0.8114268872303061,-0.0023157103573267115,0.0023157103573267115,0.08874027463098905,0.08642456427366235,0.4845,False,within_variability,0.5125315646576618,0.22381762250625195
790,790_T1_vs_T3,T3,Chest_to_Neck,0.60852380955634,0.3273968116422821,,,1.0815100547147687,1.1535178759640656,0.001680481528455922,0.001680481528455922,0.04860203862379745,0.05028252015225335,0.8399,False,within_variability,0.6581246185685168,0.37765807476301255
790,790_T1_vs_T3,T3,Chest_to_RShoulder,0.896037456919552,0.23389967540090428,,,0.6956455024058917,0.8952830709109417,-0.0008006860460665995,0.0008006860460665995,0.08999962468651843,0.08919893864045182,0.643,False,amplitude_only,0.6233244268932993,0.20940641967799403
790,790_T1_vs_T3,T3,LFArm_to_LHand,1.9285526715687331,0.6737798344189115,,,0.9515247632158049,1.0756592524931774,-0.002864787831487333,0.002864787831487333,0.2163683708772594,0.21350358304577208,1.3886,True,organization,1.8350656241636467,0.7247575130360232
790,790_T1_vs_T3,T3,LShin_to_LFoot,0.9572738095672868,0.4408380180217003,,,0.7702903661084982,0.930450465402061,0.0057076964662267,0.0057076964662267,0.06130676644585989,0.06701446291208663,1.008,True,organization,0.7373787932376622,0.4101779390352132
790,790_T1_vs_T3,T3,LShoulder_to_LUArm,2.1681866300805863,1.2378558628082748,,,0.931969165307307,1.0171862032110908,0.00711601435830909,0.00711601435830909,0.36177598490320734,0.36889199926151645,0.5682,False,within_variability,2.020683083866667,1.259129905212538
790,790_T1_vs_T3,T3,LThigh_to_LShin,2.579224223518984,0.4712212790563294,,,0.9916311737132718,1.2816942048479247,0.0031793845952490006,0.0031793845952490006,0.13431332049852462,0.13749270509377362,0.3579,False,within_variability,2.5576391440378323,0.6039615825675241
790,790_T1_vs_T3,T3,LUArm_to_LFArm,2.700638213113708,1.5745483379553131,,,0.8824903247370613,0.9163608172520419,-0.008265895464641697,0.008265895464641697,0.39801708467005403,0.3897511892054124,1.492,True,organization,2.3832870936880335,1.442854401771575
790,790_T1_vs_T3,T3,Neck2_to_Head,0.5074738024286011,0.24466341999473554,,,0.9122582880862651,0.8285467609331533,0.0016657634378095779,0.0016657634378095779,0.04852302455226176,0.05018878799007134,0.8374,False,within_variability,0.46294718225214315,0.20271508415546582
790,790_T1_vs_T3,T3,Neck_to_Neck2,0.4442095638741538,0.20967688060405668,,,0.9439725860938861,0.9546361688301794,0.0016681226960432874,0.0016681226960432874,0.048497631145275125,0.05016575384131842,0.8378,False,within_variability,0.4193216507779222,0.20016513399211963
790,790_T1_vs_T3,T3,RFArm_to_RHand,1.4683540417523315,0.6187592197759804,,,1.0552633092779427,0.9219658341008752,0.014317019113290993,0.014317019113290993,0.17945709938697987,0.19377411850027088,1.0855,True,organization,1.5495001452912078,0.5704748601683685
790,790_T1_vs_T3,T3,RShin_to_RFoot,0.8066691614626308,0.5233450957502122,,,0.9596844713371524,0.942874960277311,-0.001419563367894389,0.001419563367894389,0.06361812479205226,0.06219856142415788,0.639,False,within_variability,0.7741478677622489,0.4934489863668068
790,790_T1_vs_T3,T3,RShoulder_to_RUArm,2.291190302535169,1.275346781491351,,,1.0800135203165364,1.0192580701262584,-0.018296851670305644,0.018296851670305644,0.4537364458367103,0.43543959416640465,0.575,False,within_variability,2.474516504356118,1.2999074992446094
790,790_T1_vs_T3,T3,RThigh_to_RShin,2.526737979510285,0.5446768133979756,,,0.9663463144255741,1.1250815717764249,-0.012667424401055713,0.012667424401055713,0.13552212276426256,0.12285469836320684,0.814,False,within_variability,2.4417039340188857,0.6128058453279689
790,790_T1_vs_T3,T3,RUArm_to_RFArm,2.594932591218527,1.5130781013579533,,,0.9094209222653069,1.0125882814890075,-0.015244077457056665,0.015244077457056665,0.42251053179626563,0.40726645433920905,0.9213,False,within_variability,2.3598859903222555,1.5321251544127001
790,790_T1_vs_T3,T3,Spine2_to_Spine3,0.25881877063661707,0.18485364299088358,,,1.321678282313878,1.0567232026105269,0.004381051147079267,0.004381051147079267,0.040475871479007434,0.044856922626086725,0.8169,False,amplitude_only,0.3420751482055936,0.19533913363554947
790,790_T1_vs_T3,T3,Spine3_to_Spine4,0.2362981522387514,0.13338169868223973,,,1.0703597418730593,0.942581990089975,0.004379712159611267,0.004379712159611267,0.040458440796132894,0.04483815295574418,0.8171,False,within_variability,0.2529240292353508,0.12572318698548693
790,790_T1_vs_T3,T3,Spine4_to_Chest,0.27294707329247897,0.12240235481884225,,,0.7543717134373834,0.79483353000215,0.0043799353859434115,0.0043799353859434115,0.04045374508750161,0.044833680473445034,0.8173,False,within_variability,0.20590355135736643,0.09728949576123605
